,유튜버,월,term
13,@Mingokim,2022/08,
14,@Mingokim,2022/09,
15,@Mingokim,2022/10,
16,@Mingokim,2022/11,
17,@Mingokim,2022/12,
18,@Mingokim,2023/01,
19,@Mingokim,2023/02,
20,@Mingokim,2023/03,
21,@Mingokim,2023/04,
22,@Mingokim,2023/05,0.0
23,@Mingokim,2023/06,0.0
24,@Mingokim,2023/07,0.0
25,@Mingokim,2023/08,0.0
26,@yekooooong,2022/08,19.0
27,@yekooooong,2022/09,24.0
28,@yekooooong,2022/10,24.0
29,@yekooooong,2022/11,24.0
30,@yekooooong,2022/12,25.0
31,@yekooooong,2023/01,25.0
32,@yekooooong,2023/02,23.0
33,@yekooooong,2023/03,21.0
34,@yekooooong,2023/04,20.0
35,@yekooooong,2023/05,19.0
36,@yekooooong,2023/06,17.0
37,@yekooooong,2023/07,17.0
38,@yekooooong,2023/08,15.0
52,benny8282_nail,2022/08,11.0
53,benny8282_nail,2022/09,11.0
54,benny8282_nail,2022/10,11.0
55,benny8282_nail,2022/11,12.0
56,benny8282_nail,2022/12,13.0
57,benny8282_nail,2023/01,14.0
58,benny8282_nail,2023/02,14.0
59,benny8282_nail,2023/03,16.0
60,benny8282_nail,2023/04,15.0
61,benny8282_nail,2023/05,16.0
62,benny8282_nail,2023/06,17.0
63,benny8282_nail,2023/07,18.0
64,benny8282_nail,2023/08,19.0
65,bird 정은,2022/08,20.0
66,bird 정은,2022/09,16.0
67,bird 정은,2022/10,15.0
68,bird 정은,2022/11,14.0
69,bird 정은,2022/12,12.0
70,bird 정은,2023/01,13.0
71,bird 정은,2023/02,14.0
72,bird 정은,2023/03,14.0
73,bird 정은,2023/04,14.0
74,bird 정은,2023/05,15.0
75,bird 정은,2023/06,14.0
76,bird 정은,2023/07,15.0
77,bird 정은,2023/08,15.0
78,Coco Riley,2022/08,15.0
79,Coco Riley,2022/09,16.0
80,Coco Riley,2022/10,20.0
81,Coco Riley,2022/11,20.0
82,Coco Riley,2022/12,19.0
83,Coco Riley,2023/01,17.0
84,Coco Riley,2023/02,16.0
85,Coco Riley,2023/03,17.0
86,Coco Riley,2023/04,17.0
87,Coco Riley,2023/05,15.0
88,Coco Riley,2023/06,10.0
89,Coco Riley,2023/07,10.0
90,Coco Riley,2023/08,9.0
91,COLIZET콜리젯TV,2022/08,6.0
92,COLIZET콜리젯TV,2022/09,7.0
93,COLIZET콜리젯TV,2022/10,7.0
94,COLIZET콜리젯TV,2022/11,7.0
95,COLIZET콜리젯TV,2022/12,6.0
96,COLIZET콜리젯TV,2023/01,6.0
97,COLIZET콜리젯TV,2023/02,6.0
98,COLIZET콜리젯TV,2023/03,7.0
99,COLIZET콜리젯TV,2023/04,7.0
100,COLIZET콜리젯TV,2023/05,7.0
101,COLIZET콜리젯TV,2023/06,8.0
102,COLIZET콜리젯TV,2023/07,9.0
103,COLIZET콜리젯TV,2023/08,9.0
104,Coral코랄,2022/08,12.0
105,Coral코랄,2022/09,12.0
106,Coral코랄,2022/10,13.0
107,Coral코랄,2022/11,15.0
108,Coral코랄,2022/12,14.0
109,Coral코랄,2023/01,15.0
110,Coral코랄,2023/02,15.0
111,Coral코랄,2023/03,16.0
112,Coral코랄,2023/04,15.0
113,Coral코랄,2023/05,15.0
114,Coral코랄,2023/06,16.0
115,Coral코랄,2023/07,15.0
116,Coral코랄,2023/08,15.0
117,DAISY 데이지,2022/08,8.0
118,DAISY 데이지,2022/09,8.0
119,DAISY 데이지,2022/10,8.0
120,DAISY 데이지,2022/11,8.0
121,DAISY 데이지,2022/12,8.0
122,DAISY 데이지,2023/01,9.0
123,DAISY 데이지,2023/02,9.0
124,DAISY 데이지,2023/03,8.0
125,DAISY 데이지,2023/04,9.0
126,DAISY 데이지,2023/05,10.0
127,DAISY 데이지,2023/06,9.0
128,DAISY 데이지,2023/07,10.0
129,DAISY 데이지,2023/08,10.0
130,DrDr,2022/08,348.0
131,DrDr,2022/09,348.0
132,DrDr,2022/10,348.0
133,DrDr,2022/11,348.0
134,DrDr,2022/12,348.0
135,DrDr,2023/01,6.0
136,DrDr,2023/02,6.0
137,DrDr,2023/03,6.0
138,DrDr,2023/04,6.0
139,DrDr,2023/05,6.0
140,DrDr,2023/06,6.0
141,DrDr,2023/07,6.0
142,DrDr,2023/08,6.0
143,Hazel하정,2022/08,149.0
144,Hazel하정,2022/09,149.0
145,Hazel하정,2022/10,216.0
146,Hazel하정,2022/11,
147,Hazel하정,2022/12,
148,Hazel하정,2023/01,17.0
149,Hazel하정,2023/02,25.0
150,Hazel하정,2023/03,16.0
151,Hazel하정,2023/04,16.0
152,Hazel하정,2023/05,16.0
153,Hazel하정,2023/06,16.0
154,Hazel하정,2023/07,16.0
155,Hazel하정,2023/08,16.0
156,"hello,jiyoung안녕하신지영",2022/08,10.0
157,"hello,jiyoung안녕하신지영",2022/09,11.0
158,"hello,jiyoung안녕하신지영",2022/10,13.0
159,"hello,jiyoung안녕하신지영",2022/11,13.0
160,"hello,jiyoung안녕하신지영",2022/12,13.0
161,"hello,jiyoung안녕하신지영",2023/01,14.0
162,"hello,jiyoung안녕하신지영",2023/02,13.0
163,"hello,jiyoung안녕하신지영",2023/03,12.0
164,"hello,jiyoung안녕하신지영",2023/04,12.0
165,"hello,jiyoung안녕하신지영",2023/05,12.0
166,"hello,jiyoung안녕하신지영",2023/06,12.0
167,"hello,jiyoung안녕하신지영",2023/07,11.0
168,"hello,jiyoung안녕하신지영",2023/08,10.0
182,HYEBBEUM혜쁨,2022/08,20.0
183,HYEBBEUM혜쁨,2022/09,19.0
184,HYEBBEUM혜쁨,2022/10,19.0
185,HYEBBEUM혜쁨,2022/11,20.0
186,HYEBBEUM혜쁨,2022/12,23.0
187,HYEBBEUM혜쁨,2023/01,22.0
188,HYEBBEUM혜쁨,2023/02,25.0
189,HYEBBEUM혜쁨,2023/03,29.0
190,HYEBBEUM혜쁨,2023/04,30.0
191,HYEBBEUM혜쁨,2023/05,32.0
192,HYEBBEUM혜쁨,2023/06,40.0
193,HYEBBEUM혜쁨,2023/07,45.0
194,HYEBBEUM혜쁨,2023/08,25.0
208,Jaelimize재림,2022/08,5.0
209,Jaelimize재림,2022/09,5.0
210,Jaelimize재림,2022/10,5.0
211,Jaelimize재림,2022/11,5.0
212,Jaelimize재림,2022/12,5.0
213,Jaelimize재림,2023/01,5.0
214,Jaelimize재림,2023/02,5.0
215,Jaelimize재림,2023/03,5.0
216,Jaelimize재림,2023/04,5.0
217,Jaelimize재림,2023/05,5.0
218,Jaelimize재림,2023/06,5.0
219,Jaelimize재림,2023/07,5.0
220,Jaelimize재림,2023/08,4.0
221,jang.hope장호프,2022/08,18.0
222,jang.hope장호프,2022/09,19.0
223,jang.hope장호프,2022/10,18.0
224,jang.hope장호프,2022/11,17.0
225,jang.hope장호프,2022/12,15.0
226,jang.hope장호프,2023/01,12.0
227,jang.hope장호프,2023/02,13.0
228,jang.hope장호프,2023/03,12.0
229,jang.hope장호프,2023/04,12.0
230,jang.hope장호프,2023/05,14.0
231,jang.hope장호프,2023/06,16.0
232,jang.hope장호프,2023/07,17.0
233,jang.hope장호프,2023/08,19.0
234,jella젤라,2022/08,13.0
235,jella젤라,2022/09,14.0
236,jella젤라,2022/10,16.0
237,jella젤라,2022/11,15.0
238,jella젤라,2022/12,14.0
239,jella젤라,2023/01,14.0
240,jella젤라,2023/02,12.0
241,jella젤라,2023/03,11.0
242,jella젤라,2023/04,11.0
243,jella젤라,2023/05,11.0
244,jella젤라,2023/06,9.0
245,jella젤라,2023/07,9.0
246,jella젤라,2023/08,10.0
260,JJUDRE쭈드레,2022/08,16.0
261,JJUDRE쭈드레,2022/09,12.0
262,JJUDRE쭈드레,2022/10,12.0
263,JJUDRE쭈드레,2022/11,12.0
264,JJUDRE쭈드레,2022/12,12.0
265,JJUDRE쭈드레,2023/01,12.0
266,JJUDRE쭈드레,2023/02,12.0
267,JJUDRE쭈드레,2023/03,12.0
268,JJUDRE쭈드레,2023/04,12.0
269,JJUDRE쭈드레,2023/05,12.0
270,JJUDRE쭈드레,2023/06,12.0
271,JJUDRE쭈드레,2023/07,12.0
272,JJUDRE쭈드레,2023/08,0.0
273,jjuE쭈이,2022/08,8.0
274,jjuE쭈이,2022/09,7.0
275,jjuE쭈이,2022/10,8.0
276,jjuE쭈이,2022/11,8.0
277,jjuE쭈이,2022/12,8.0
278,jjuE쭈이,2023/01,8.0
279,jjuE쭈이,2023/02,8.0
280,jjuE쭈이,2023/03,8.0
281,jjuE쭈이,2023/04,7.0
282,jjuE쭈이,2023/05,7.0
283,jjuE쭈이,2023/06,7.0
284,jjuE쭈이,2023/07,7.0
285,jjuE쭈이,2023/08,7.0
286,Junsoo함준수,2022/08,2.0
287,Junsoo함준수,2022/09,2.0
288,Junsoo함준수,2022/10,2.0
289,Junsoo함준수,2022/11,2.0
290,Junsoo함준수,2022/12,2.0
291,Junsoo함준수,2023/01,2.0
292,Junsoo함준수,2023/02,2.0
293,Junsoo함준수,2023/03,2.0
294,Junsoo함준수,2023/04,3.0
295,Junsoo함준수,2023/05,3.0
296,Junsoo함준수,2023/06,3.0
297,Junsoo함준수,2023/07,3.0
298,Junsoo함준수,2023/08,4.0
299,juyeomi,2022/08,14.0
300,juyeomi,2022/09,13.0
301,juyeomi,2022/10,12.0
302,juyeomi,2022/11,12.0
303,juyeomi,2022/12,12.0
304,juyeomi,2023/01,14.0
305,juyeomi,2023/02,13.0
306,juyeomi,2023/03,13.0
307,juyeomi,2023/04,12.0
308,juyeomi,2023/05,11.0
309,juyeomi,2023/06,11.0
310,juyeomi,2023/07,10.0
311,juyeomi,2023/08,9.0
325,KINGSTON킹스턴,2022/08,8.0
326,KINGSTON킹스턴,2022/09,8.0
327,KINGSTON킹스턴,2022/10,8.0
328,KINGSTON킹스턴,2022/11,7.0
329,KINGSTON킹스턴,2022/12,7.0
330,KINGSTON킹스턴,2023/01,7.0
331,KINGSTON킹스턴,2023/02,8.0
332,KINGSTON킹스턴,2023/03,8.0
333,KINGSTON킹스턴,2023/04,9.0
334,KINGSTON킹스턴,2023/05,8.0
335,KINGSTON킹스턴,2023/06,9.0
336,KINGSTON킹스턴,2023/07,9.0
337,KINGSTON킹스턴,2023/08,9.0
338,Kongsueni콩슈니,2022/08,80.0
339,Kongsueni콩슈니,2022/09,129.0
340,Kongsueni콩슈니,2022/10,129.0
341,Kongsueni콩슈니,2022/11,146.0
342,Kongsueni콩슈니,2022/12,133.0
343,Kongsueni콩슈니,2023/01,133.0
344,Kongsueni콩슈니,2023/02,133.0
345,Kongsueni콩슈니,2023/03,133.0
346,Kongsueni콩슈니,2023/04,133.0
347,Kongsueni콩슈니,2023/05,133.0
348,Kongsueni콩슈니,2023/06,133.0
349,Kongsueni콩슈니,2023/07,175.0
350,Kongsueni콩슈니,2023/08,115.0
351,krystal수정,2022/08,79.0
352,krystal수정,2022/09,90.0
353,krystal수정,2022/10,79.0
354,krystal수정,2022/11,54.0
355,krystal수정,2022/12,54.0
356,krystal수정,2023/01,54.0
357,krystal수정,2023/02,45.0
358,krystal수정,2023/03,45.0
359,krystal수정,2023/04,45.0
360,krystal수정,2023/05,38.0
361,krystal수정,2023/06,38.0
362,krystal수정,2023/07,30.0
363,krystal수정,2023/08,30.0
364,Laila라일라,2022/08,182.0
365,Laila라일라,2022/09,72.0
366,Laila라일라,2022/10,72.0
367,Laila라일라,2022/11,72.0
368,Laila라일라,2022/12,72.0
369,Laila라일라,2023/01,72.0
370,Laila라일라,2023/02,36.0
371,Laila라일라,2023/03,36.0
372,Laila라일라,2023/04,36.0
373,Laila라일라,2023/05,36.0
374,Laila라일라,2023/06,36.0
375,Laila라일라,2023/07,36.0
376,Laila라일라,2023/08,36.0
377,lamuqe,2022/08,19.0
378,lamuqe,2022/09,19.0
379,lamuqe,2022/10,18.0
380,lamuqe,2022/11,18.0
381,lamuqe,2022/12,21.0
382,lamuqe,2023/01,27.0
383,lamuqe,2023/02,28.0
384,lamuqe,2023/03,33.0
385,lamuqe,2023/04,39.0
386,lamuqe,2023/05,33.0
387,lamuqe,2023/06,33.0
388,lamuqe,2023/07,33.0
389,lamuqe,2023/08,28.0
403,lasagesse지혜,2022/08,19.0
404,lasagesse지혜,2022/09,18.0
405,lasagesse지혜,2022/10,18.0
406,lasagesse지혜,2022/11,18.0
407,lasagesse지혜,2022/12,18.0
408,lasagesse지혜,2023/01,23.0
409,lasagesse지혜,2023/02,23.0
410,lasagesse지혜,2023/03,24.0
411,lasagesse지혜,2023/04,26.0
412,lasagesse지혜,2023/05,28.0
413,lasagesse지혜,2023/06,27.0
414,lasagesse지혜,2023/07,28.0
415,lasagesse지혜,2023/08,28.0
416,LUCY루씨,2022/08,7.0
417,LUCY루씨,2022/09,7.0
418,LUCY루씨,2022/10,7.0
419,LUCY루씨,2022/11,8.0
420,LUCY루씨,2022/12,7.0
421,LUCY루씨,2023/01,6.0
422,LUCY루씨,2023/02,6.0
423,LUCY루씨,2023/03,6.0
424,LUCY루씨,2023/04,7.0
425,LUCY루씨,2023/05,6.0
426,LUCY루씨,2023/06,6.0
427,LUCY루씨,2023/07,6.0
428,LUCY루씨,2023/08,6.0
429,moodin은송,2022/08,25.0
430,moodin은송,2022/09,23.0
431,moodin은송,2022/10,23.0
432,moodin은송,2022/11,20.0
433,moodin은송,2022/12,19.0
434,moodin은송,2023/01,19.0
435,moodin은송,2023/02,15.0
436,moodin은송,2023/03,10.0
437,moodin은송,2023/04,10.0
438,moodin은송,2023/05,9.0
439,moodin은송,2023/06,9.0
440,moodin은송,2023/07,8.0
441,moodin은송,2023/08,7.0
455,Ood 오드,2022/08,12.0
456,Ood 오드,2022/09,11.0
457,Ood 오드,2022/10,11.0
458,Ood 오드,2022/11,11.0
459,Ood 오드,2022/12,10.0
460,Ood 오드,2023/01,10.0
461,Ood 오드,2023/02,9.0
462,Ood 오드,2023/03,9.0
463,Ood 오드,2023/04,9.0
464,Ood 오드,2023/05,10.0
465,Ood 오드,2023/06,10.0
466,Ood 오드,2023/07,9.0
467,Ood 오드,2023/08,9.0
468,Ori오리의소비로그,2022/08,6.0
469,Ori오리의소비로그,2022/09,6.0
470,Ori오리의소비로그,2022/10,7.0
471,Ori오리의소비로그,2022/11,7.0
472,Ori오리의소비로그,2022/12,9.0
473,Ori오리의소비로그,2023/01,9.0
474,Ori오리의소비로그,2023/02,9.0
475,Ori오리의소비로그,2023/03,9.0
476,Ori오리의소비로그,2023/04,9.0
477,Ori오리의소비로그,2023/05,11.0
478,Ori오리의소비로그,2023/06,11.0
479,Ori오리의소비로그,2023/07,11.0
480,Ori오리의소비로그,2023/08,10.0
481,Queen Solmee,2022/08,11.0
482,Queen Solmee,2022/09,11.0
483,Queen Solmee,2022/10,11.0
484,Queen Solmee,2022/11,10.0
485,Queen Solmee,2022/12,10.0
486,Queen Solmee,2023/01,11.0
487,Queen Solmee,2023/02,11.0
488,Queen Solmee,2023/03,13.0
489,Queen Solmee,2023/04,14.0
490,Queen Solmee,2023/05,16.0
491,Queen Solmee,2023/06,16.0
492,Queen Solmee,2023/07,17.0
493,Queen Solmee,2023/08,15.0
507,SELFCARE 결,2022/08,11.0
508,SELFCARE 결,2022/09,12.0
509,SELFCARE 결,2022/10,13.0
510,SELFCARE 결,2022/11,14.0
511,SELFCARE 결,2022/12,15.0
512,SELFCARE 결,2023/01,15.0
513,SELFCARE 결,2023/02,16.0
514,SELFCARE 결,2023/03,20.0
515,SELFCARE 결,2023/04,21.0
516,SELFCARE 결,2023/05,22.0
517,SELFCARE 결,2023/06,22.0
518,SELFCARE 결,2023/07,22.0
519,SELFCARE 결,2023/08,23.0
520,So Young,2022/08,33.0
521,So Young,2022/09,30.0
522,So Young,2022/10,19.0
523,So Young,2022/11,21.0
524,So Young,2022/12,21.0
525,So Young,2023/01,22.0
526,So Young,2023/02,19.0
527,So Young,2023/03,27.0
528,So Young,2023/04,27.0
529,So Young,2023/05,29.0
530,So Young,2023/06,32.0
531,So Young,2023/07,32.0
532,So Young,2023/08,31.0
533,SOLA솔아,2022/08,4.0
534,SOLA솔아,2022/09,4.0
535,SOLA솔아,2022/10,4.0
536,SOLA솔아,2022/11,4.0
537,SOLA솔아,2022/12,4.0
538,SOLA솔아,2023/01,4.0
539,SOLA솔아,2023/02,4.0
540,SOLA솔아,2023/03,4.0
541,SOLA솔아,2023/04,4.0
542,SOLA솔아,2023/05,4.0
543,SOLA솔아,2023/06,4.0
544,SOLA솔아,2023/07,4.0
545,SOLA솔아,2023/08,4.0
546,SOONSIKI,2022/08,26.0
547,SOONSIKI,2022/09,26.0
548,SOONSIKI,2022/10,31.0
549,SOONSIKI,2022/11,18.0
550,SOONSIKI,2022/12,13.0
551,SOONSIKI,2023/01,11.0
552,SOONSIKI,2023/02,10.0
553,SOONSIKI,2023/03,9.0
554,SOONSIKI,2023/04,10.0
555,SOONSIKI,2023/05,5.0
556,SOONSIKI,2023/06,7.0
557,SOONSIKI,2023/07,7.0
558,SOONSIKI,2023/08,7.0
559,SSUIMAG,2022/08,15.0
560,SSUIMAG,2022/09,15.0
561,SSUIMAG,2022/10,17.0
562,SSUIMAG,2022/11,14.0
563,SSUIMAG,2022/12,15.0
564,SSUIMAG,2023/01,16.0
565,SSUIMAG,2023/02,15.0
566,SSUIMAG,2023/03,15.0
567,SSUIMAG,2023/04,14.0
568,SSUIMAG,2023/05,15.0
569,SSUIMAG,2023/06,16.0
570,SSUIMAG,2023/07,15.0
571,SSUIMAG,2023/08,7.0
598,SUMINI,2022/08,193.0
599,SUMINI,2022/09,193.0
600,SUMINI,2022/10,193.0
601,SUMINI,2022/11,193.0
602,SUMINI,2022/12,193.0
603,SUMINI,2023/01,193.0
604,SUMINI,2023/02,96.0
605,SUMINI,2023/03,96.0
606,SUMINI,2023/04,96.0
607,SUMINI,2023/05,96.0
608,SUMINI,2023/06,96.0
609,SUMINI,2023/07,0.0
610,SUMINI,2023/08,0.0
611,Summer-mute썸뮤,2022/08,43.0
612,Summer-mute썸뮤,2022/09,43.0
613,Summer-mute썸뮤,2022/10,43.0
614,Summer-mute썸뮤,2022/11,37.0
615,Summer-mute썸뮤,2022/12,37.0
616,Summer-mute썸뮤,2023/01,37.0
617,Summer-mute썸뮤,2023/02,37.0
618,Summer-mute썸뮤,2023/03,45.0
619,Summer-mute썸뮤,2023/04,66.0
620,Summer-mute썸뮤,2023/05,21.0
621,Summer-mute썸뮤,2023/06,21.0
622,Summer-mute썸뮤,2023/07,21.0
623,Summer-mute썸뮤,2023/08,21.0
624,Syong'sbeauty숑스뷰티,2022/08,4.0
625,Syong'sbeauty숑스뷰티,2022/09,5.0
626,Syong'sbeauty숑스뷰티,2022/10,5.0
627,Syong'sbeauty숑스뷰티,2022/11,5.0
628,Syong'sbeauty숑스뷰티,2022/12,5.0
629,Syong'sbeauty숑스뷰티,2023/01,5.0
630,Syong'sbeauty숑스뷰티,2023/02,7.0
631,Syong'sbeauty숑스뷰티,2023/03,7.0
632,Syong'sbeauty숑스뷰티,2023/04,7.0
633,Syong'sbeauty숑스뷰티,2023/05,8.0
634,Syong'sbeauty숑스뷰티,2023/06,9.0
635,Syong'sbeauty숑스뷰티,2023/07,10.0
636,Syong'sbeauty숑스뷰티,2023/08,11.0
637,tency텐씨,2022/08,32.0
638,tency텐씨,2022/09,30.0
639,tency텐씨,2022/10,30.0
640,tency텐씨,2022/11,29.0
641,tency텐씨,2022/12,23.0
642,tency텐씨,2023/01,23.0
643,tency텐씨,2023/02,23.0
644,tency텐씨,2023/03,20.0
645,tency텐씨,2023/04,20.0
646,tency텐씨,2023/05,21.0
647,tency텐씨,2023/06,22.0
648,tency텐씨,2023/07,18.0
649,tency텐씨,2023/08,17.0
650,VIVA여나,2022/08,47.0
651,VIVA여나,2022/09,47.0
652,VIVA여나,2022/10,60.0
653,VIVA여나,2022/11,98.0
654,VIVA여나,2022/12,98.0
655,VIVA여나,2023/01,98.0
656,VIVA여나,2023/02,149.0
657,VIVA여나,2023/03,149.0
658,VIVA여나,2023/04,149.0
659,VIVA여나,2023/05,149.0
660,VIVA여나,2023/06,158.0
661,VIVA여나,2023/07,158.0
662,VIVA여나,2023/08,158.0
663,wandashow,2022/08,2.0
664,wandashow,2022/09,2.0
665,wandashow,2022/10,3.0
666,wandashow,2022/11,3.0
667,wandashow,2022/12,3.0
668,wandashow,2023/01,3.0
669,wandashow,2023/02,3.0
670,wandashow,2023/03,3.0
671,wandashow,2023/04,4.0
672,wandashow,2023/05,4.0
673,wandashow,2023/06,5.0
674,wandashow,2023/07,5.0
675,wandashow,2023/08,6.0
676,wonhee,2022/08,24.0
677,wonhee,2022/09,29.0
678,wonhee,2022/10,34.0
679,wonhee,2022/11,37.0
680,wonhee,2022/12,39.0
681,wonhee,2023/01,40.0
682,wonhee,2023/02,35.0
683,wonhee,2023/03,33.0
684,wonhee,2023/04,34.0
685,wonhee,2023/05,39.0
686,wonhee,2023/06,39.0
687,wonhee,2023/07,26.0
688,wonhee,2023/08,27.0
689,yootrue_in_air,2022/08,4.0
690,yootrue_in_air,2022/09,4.0
691,yootrue_in_air,2022/10,5.0
692,yootrue_in_air,2022/11,5.0
693,yootrue_in_air,2022/12,5.0
694,yootrue_in_air,2023/01,5.0
695,yootrue_in_air,2023/02,5.0
696,yootrue_in_air,2023/03,5.0
697,yootrue_in_air,2023/04,5.0
698,yootrue_in_air,2023/05,5.0
699,yootrue_in_air,2023/06,5.0
700,yootrue_in_air,2023/07,5.0
701,yootrue_in_air,2023/08,5.0
702,zoopeach 지우,2022/08,71.0
703,zoopeach 지우,2022/09,73.0
704,zoopeach 지우,2022/10,73.0
705,zoopeach 지우,2022/11,70.0
706,zoopeach 지우,2022/12,70.0
707,zoopeach 지우,2023/01,69.0
708,zoopeach 지우,2023/02,69.0
709,zoopeach 지우,2023/03,66.0
710,zoopeach 지우,2023/04,46.0
711,zoopeach 지우,2023/05,38.0
712,zoopeach 지우,2023/06,38.0
713,zoopeach 지우,2023/07,38.0
714,zoopeach 지우,2023/08,38.0
715,강성,2022/08,33.0
716,강성,2022/09,26.0
717,강성,2022/10,26.0
718,강성,2022/11,23.0
719,강성,2022/12,24.0
720,강성,2023/01,24.0
721,강성,2023/02,28.0
722,강성,2023/03,28.0
723,강성,2023/04,28.0
724,강성,2023/05,28.0
725,강성,2023/06,32.0
726,강성,2023/07,29.0
727,강성,2023/08,23.0
728,거노건호geonoGH,2022/08,19.0
729,거노건호geonoGH,2022/09,18.0
730,거노건호geonoGH,2022/10,17.0
731,거노건호geonoGH,2022/11,22.0
732,거노건호geonoGH,2022/12,24.0
733,거노건호geonoGH,2023/01,26.0
734,거노건호geonoGH,2023/02,25.0
735,거노건호geonoGH,2023/03,25.0
736,거노건호geonoGH,2023/04,24.0
737,거노건호geonoGH,2023/05,24.0
738,거노건호geonoGH,2023/06,22.0
739,거노건호geonoGH,2023/07,21.0
740,거노건호geonoGH,2023/08,20.0
741,고태용,2022/08,5.0
742,고태용,2022/09,6.0
743,고태용,2022/10,6.0
744,고태용,2022/11,6.0
745,고태용,2022/12,6.0
746,고태용,2023/01,6.0
747,고태용,2023/02,6.0
748,고태용,2023/03,6.0
749,고태용,2023/04,6.0
750,고태용,2023/05,7.0
751,고태용,2023/06,7.0
752,고태용,2023/07,7.0
753,고태용,2023/08,7.0
754,궁달언니,2022/08,5.0
755,궁달언니,2022/09,4.0
756,궁달언니,2022/10,4.0
757,궁달언니,2022/11,4.0
758,궁달언니,2022/12,5.0
759,궁달언니,2023/01,5.0
760,궁달언니,2023/02,5.0
761,궁달언니,2023/03,5.0
762,궁달언니,2023/04,5.0
763,궁달언니,2023/05,5.0
764,궁달언니,2023/06,6.0
765,궁달언니,2023/07,5.0
766,궁달언니,2023/08,5.0
767,그레인Grain,2022/08,4.0
768,그레인Grain,2022/09,4.0
769,그레인Grain,2022/10,4.0
770,그레인Grain,2022/11,4.0
771,그레인Grain,2022/12,4.0
772,그레인Grain,2023/01,4.0
773,그레인Grain,2023/02,4.0
774,그레인Grain,2023/03,4.0
775,그레인Grain,2023/04,4.0
776,그레인Grain,2023/05,3.0
777,그레인Grain,2023/06,4.0
778,그레인Grain,2023/07,4.0
779,그레인Grain,2023/08,4.0
780,극찐ZZINI,2022/08,21.0
781,극찐ZZINI,2022/09,19.0
782,극찐ZZINI,2022/10,23.0
783,극찐ZZINI,2022/11,24.0
784,극찐ZZINI,2022/12,6.0
785,극찐ZZINI,2023/01,6.0
786,극찐ZZINI,2023/02,6.0
787,극찐ZZINI,2023/03,6.0
788,극찐ZZINI,2023/04,6.0
789,극찐ZZINI,2023/05,6.0
790,극찐ZZINI,2023/06,6.0
791,극찐ZZINI,2023/07,6.0
792,극찐ZZINI,2023/08,6.0
793,기우쌤,2022/08,4.0
794,기우쌤,2022/09,4.0
795,기우쌤,2022/10,4.0
796,기우쌤,2022/11,4.0
797,기우쌤,2022/12,4.0
798,기우쌤,2023/01,4.0
799,기우쌤,2023/02,4.0
800,기우쌤,2023/03,4.0
801,기우쌤,2023/04,4.0
802,기우쌤,2023/05,4.0
803,기우쌤,2023/06,4.0
804,기우쌤,2023/07,4.0
805,기우쌤,2023/08,4.0
806,김남령,2022/08,12.0
807,김남령,2022/09,12.0
808,김남령,2022/10,10.0
809,김남령,2022/11,10.0
810,김남령,2022/12,10.0
811,김남령,2023/01,10.0
812,김남령,2023/02,11.0
813,김남령,2023/03,11.0
814,김남령,2023/04,11.0
815,김남령,2023/05,12.0
816,김남령,2023/06,11.0
817,김남령,2023/07,11.0
818,김남령,2023/08,11.0
819,김다혜,2022/08,10.0
820,김다혜,2022/09,9.0
821,김다혜,2022/10,8.0
822,김다혜,2022/11,7.0
823,김다혜,2022/12,7.0
824,김다혜,2023/01,7.0
825,김다혜,2023/02,7.0
826,김다혜,2023/03,7.0
827,김다혜,2023/04,7.0
828,김다혜,2023/05,6.0
829,김다혜,2023/06,7.0
830,김다혜,2023/07,6.0
831,김다혜,2023/08,7.0
832,김선우 SUN WOO,2022/08,14.0
833,김선우 SUN WOO,2022/09,13.0
834,김선우 SUN WOO,2022/10,12.0
835,김선우 SUN WOO,2022/11,11.0
836,김선우 SUN WOO,2022/12,11.0
837,김선우 SUN WOO,2023/01,10.0
838,김선우 SUN WOO,2023/02,10.0
839,김선우 SUN WOO,2023/03,10.0
840,김선우 SUN WOO,2023/04,10.0
841,김선우 SUN WOO,2023/05,10.0
842,김선우 SUN WOO,2023/06,10.0
843,김선우 SUN WOO,2023/07,10.0
844,김선우 SUN WOO,2023/08,10.0
845,김송정머리터 복구매직 복구펌 원조,2022/08,1.0
846,김송정머리터 복구매직 복구펌 원조,2022/09,1.0
847,김송정머리터 복구매직 복구펌 원조,2022/10,1.0
848,김송정머리터 복구매직 복구펌 원조,2022/11,1.0
849,김송정머리터 복구매직 복구펌 원조,2022/12,1.0
850,김송정머리터 복구매직 복구펌 원조,2023/01,1.0
851,김송정머리터 복구매직 복구펌 원조,2023/02,1.0
852,김송정머리터 복구매직 복구펌 원조,2023/03,1.0
853,김송정머리터 복구매직 복구펌 원조,2023/04,1.0
854,김송정머리터 복구매직 복구펌 원조,2023/05,1.0
855,김송정머리터 복구매직 복구펌 원조,2023/06,1.0
856,김송정머리터 복구매직 복구펌 원조,2023/07,1.0
857,김송정머리터 복구매직 복구펌 원조,2023/08,1.0
858,김습습,2022/08,8.0
859,김습습,2022/09,8.0
860,김습습,2022/10,8.0
861,김습습,2022/11,8.0
862,김습습,2022/12,8.0
863,김습습,2023/01,9.0
864,김습습,2023/02,9.0
865,김습습,2023/03,9.0
866,김습습,2023/04,9.0
867,김습습,2023/05,9.0
868,김습습,2023/06,9.0
869,김습습,2023/07,7.0
870,김습습,2023/08,7.0
871,김지유JIYUKIM,2022/08,6.0
872,김지유JIYUKIM,2022/09,5.0
873,김지유JIYUKIM,2022/10,5.0
874,김지유JIYUKIM,2022/11,5.0
875,김지유JIYUKIM,2022/12,4.0
876,김지유JIYUKIM,2023/01,4.0
877,김지유JIYUKIM,2023/02,4.0
878,김지유JIYUKIM,2023/03,4.0
879,김지유JIYUKIM,2023/04,4.0
880,김지유JIYUKIM,2023/05,4.0
881,김지유JIYUKIM,2023/06,4.0
882,김지유JIYUKIM,2023/07,4.0
883,김지유JIYUKIM,2023/08,4.0
884,꽃세히sayblossom,2022/08,
885,꽃세히sayblossom,2022/09,0.0
886,꽃세히sayblossom,2022/10,0.0
887,꽃세히sayblossom,2022/11,0.0
888,꽃세히sayblossom,2022/12,0.0
889,꽃세히sayblossom,2023/01,0.0
890,꽃세히sayblossom,2023/02,0.0
891,꽃세히sayblossom,2023/03,0.0
892,꽃세히sayblossom,2023/04,0.0
893,꽃세히sayblossom,2023/05,0.0
894,꽃세히sayblossom,2023/06,0.0
895,꽃세히sayblossom,2023/07,0.0
896,꽃세히sayblossom,2023/08,0.0
897,나나nana,2022/08,7.0
898,나나nana,2022/09,7.0
899,나나nana,2022/10,7.0
900,나나nana,2022/11,7.0
901,나나nana,2022/12,7.0
902,나나nana,2023/01,7.0
903,나나nana,2023/02,7.0
904,나나nana,2023/03,7.0
905,나나nana,2023/04,7.0
906,나나nana,2023/05,7.0
907,나나nana,2023/06,7.0
908,나나nana,2023/07,7.0
909,나나nana,2023/08,7.0
910,네일그랜마nailgranma,2022/08,7.0
911,네일그랜마nailgranma,2022/09,7.0
912,네일그랜마nailgranma,2022/10,7.0
913,네일그랜마nailgranma,2022/11,7.0
914,네일그랜마nailgranma,2022/12,7.0
915,네일그랜마nailgranma,2023/01,7.0
916,네일그랜마nailgranma,2023/02,8.0
917,네일그랜마nailgranma,2023/03,8.0
918,네일그랜마nailgranma,2023/04,7.0
919,네일그랜마nailgranma,2023/05,7.0
920,네일그랜마nailgranma,2023/06,7.0
921,네일그랜마nailgranma,2023/07,7.0
922,네일그랜마nailgranma,2023/08,7.0
923,느린양반,2022/08,6.0
924,느린양반,2022/09,6.0
925,느린양반,2022/10,7.0
926,느린양반,2022/11,7.0
927,느린양반,2022/12,7.0
928,느린양반,2023/01,8.0
929,느린양반,2023/02,7.0
930,느린양반,2023/03,7.0
931,느린양반,2023/04,8.0
932,느린양반,2023/05,8.0
933,느린양반,2023/06,8.0
934,느린양반,2023/07,8.0
935,느린양반,2023/08,8.0
936,다다뷰티,2022/08,18.0
937,다다뷰티,2022/09,17.0
938,다다뷰티,2022/10,17.0
939,다다뷰티,2022/11,42.0
940,다다뷰티,2022/12,42.0
941,다다뷰티,2023/01,58.0
942,다다뷰티,2023/02,68.0
943,다다뷰티,2023/03,68.0
944,다다뷰티,2023/04,68.0
945,다다뷰티,2023/05,0.0
946,다다뷰티,2023/06,0.0
947,다다뷰티,2023/07,0.0
948,다다뷰티,2023/08,0.0
949,다예,2022/08,7.0
950,다예,2022/09,7.0
951,다예,2022/10,7.0
952,다예,2022/11,7.0
953,다예,2022/12,7.0
954,다예,2023/01,7.0
955,다예,2023/02,7.0
956,다예,2023/03,8.0
957,다예,2023/04,8.0
958,다예,2023/05,8.0
959,다예,2023/06,9.0
960,다예,2023/07,8.0
961,다예,2023/08,8.0
962,다현쌤,2022/08,9.0
963,다현쌤,2022/09,10.0
964,다현쌤,2022/10,10.0
965,다현쌤,2022/11,10.0
966,다현쌤,2022/12,10.0
967,다현쌤,2023/01,10.0
968,다현쌤,2023/02,9.0
969,다현쌤,2023/03,9.0
970,다현쌤,2023/04,9.0
971,다현쌤,2023/05,8.0
972,다현쌤,2023/06,8.0
973,다현쌤,2023/07,8.0
974,다현쌤,2023/08,9.0
975,담쓰뷰티DamsBeauty,2022/08,7.0
976,담쓰뷰티DamsBeauty,2022/09,7.0
977,담쓰뷰티DamsBeauty,2022/10,7.0
978,담쓰뷰티DamsBeauty,2022/11,7.0
979,담쓰뷰티DamsBeauty,2022/12,7.0
980,담쓰뷰티DamsBeauty,2023/01,7.0
981,담쓰뷰티DamsBeauty,2023/02,8.0
982,담쓰뷰티DamsBeauty,2023/03,8.0
983,담쓰뷰티DamsBeauty,2023/04,7.0
984,담쓰뷰티DamsBeauty,2023/05,7.0
985,담쓰뷰티DamsBeauty,2023/06,7.0
986,담쓰뷰티DamsBeauty,2023/07,7.0
987,담쓰뷰티DamsBeauty,2023/08,6.0
1001,댄서 리안의 JOB다한 일상,2022/08,12.0
1002,댄서 리안의 JOB다한 일상,2022/09,12.0
1003,댄서 리안의 JOB다한 일상,2022/10,12.0
1004,댄서 리안의 JOB다한 일상,2022/11,12.0
1005,댄서 리안의 JOB다한 일상,2022/12,11.0
1006,댄서 리안의 JOB다한 일상,2023/01,10.0
1007,댄서 리안의 JOB다한 일상,2023/02,13.0
1008,댄서 리안의 JOB다한 일상,2023/03,18.0
1009,댄서 리안의 JOB다한 일상,2023/04,18.0
1010,댄서 리안의 JOB다한 일상,2023/05,15.0
1011,댄서 리안의 JOB다한 일상,2023/06,5.0
1012,댄서 리안의 JOB다한 일상,2023/07,5.0
1013,댄서 리안의 JOB다한 일상,2023/08,
1014,더네일리영thenaily_young,2022/08,37.0
1015,더네일리영thenaily_young,2022/09,40.0
1016,더네일리영thenaily_young,2022/10,70.0
1017,더네일리영thenaily_young,2022/11,70.0
1018,더네일리영thenaily_young,2022/12,75.0
1019,더네일리영thenaily_young,2023/01,94.0
1020,더네일리영thenaily_young,2023/02,135.0
1021,더네일리영thenaily_young,2023/03,170.0
1022,더네일리영thenaily_young,2023/04,170.0
1023,더네일리영thenaily_young,2023/05,170.0
1024,더네일리영thenaily_young,2023/06,170.0
1025,더네일리영thenaily_young,2023/07,170.0
1026,더네일리영thenaily_young,2023/08,115.0
1040,디렉터 파이,2022/08,7.0
1041,디렉터 파이,2022/09,7.0
1042,디렉터 파이,2022/10,8.0
1043,디렉터 파이,2022/11,8.0
1044,디렉터 파이,2022/12,8.0
1045,디렉터 파이,2023/01,8.0
1046,디렉터 파이,2023/02,8.0
1047,디렉터 파이,2023/03,8.0
1048,디렉터 파이,2023/04,8.0
1049,디렉터 파이,2023/05,8.0
1050,디렉터 파이,2023/06,8.0
1051,디렉터 파이,2023/07,8.0
1052,디렉터 파이,2023/08,8.0
1053,디얼빈dearbeen,2022/08,16.0
1054,디얼빈dearbeen,2022/09,14.0
1055,디얼빈dearbeen,2022/10,14.0
1056,디얼빈dearbeen,2022/11,14.0
1057,디얼빈dearbeen,2022/12,14.0
1058,디얼빈dearbeen,2023/01,14.0
1059,디얼빈dearbeen,2023/02,14.0
1060,디얼빈dearbeen,2023/03,14.0
1061,디얼빈dearbeen,2023/04,14.0
1062,디얼빈dearbeen,2023/05,14.0
1063,디얼빈dearbeen,2023/06,14.0
1064,디얼빈dearbeen,2023/07,14.0
1065,디얼빈dearbeen,2023/08,8.0
1066,디자이너윤뉴,2022/08,19.0
1067,디자이너윤뉴,2022/09,19.0
1068,디자이너윤뉴,2022/10,18.0
1069,디자이너윤뉴,2022/11,17.0
1070,디자이너윤뉴,2022/12,17.0
1071,디자이너윤뉴,2023/01,17.0
1072,디자이너윤뉴,2023/02,18.0
1073,디자이너윤뉴,2023/03,18.0
1074,디자이너윤뉴,2023/04,18.0
1075,디자이너윤뉴,2023/05,21.0
1076,디자이너윤뉴,2023/06,23.0
1077,디자이너윤뉴,2023/07,22.0
1078,디자이너윤뉴,2023/08,23.0
1079,라웁스laoops,2022/08,18.0
1080,라웁스laoops,2022/09,18.0
1081,라웁스laoops,2022/10,18.0
1082,라웁스laoops,2022/11,18.0
1083,라웁스laoops,2022/12,23.0
1084,라웁스laoops,2023/01,23.0
1085,라웁스laoops,2023/02,24.0
1086,라웁스laoops,2023/03,33.0
1087,라웁스laoops,2023/04,33.0
1088,라웁스laoops,2023/05,37.0
1089,라웁스laoops,2023/06,36.0
1090,라웁스laoops,2023/07,32.0
1091,라웁스laoops,2023/08,33.0
1092,라이크스윗망고-HealthyandSimpleLife,2022/08,7.0
1093,라이크스윗망고-HealthyandSimpleLife,2022/09,8.0
1094,라이크스윗망고-HealthyandSimpleLife,2022/10,8.0
1095,라이크스윗망고-HealthyandSimpleLife,2022/11,8.0
1096,라이크스윗망고-HealthyandSimpleLife,2022/12,8.0
1097,라이크스윗망고-HealthyandSimpleLife,2023/01,8.0
1098,라이크스윗망고-HealthyandSimpleLife,2023/02,8.0
1099,라이크스윗망고-HealthyandSimpleLife,2023/03,8.0
1100,라이크스윗망고-HealthyandSimpleLife,2023/04,7.0
1101,라이크스윗망고-HealthyandSimpleLife,2023/05,7.0
1102,라이크스윗망고-HealthyandSimpleLife,2023/06,7.0
1103,라이크스윗망고-HealthyandSimpleLife,2023/07,8.0
1104,라이크스윗망고-HealthyandSimpleLife,2023/08,8.0
1105,랏뚜Beauty,2022/08,35.0
1106,랏뚜Beauty,2022/09,35.0
1107,랏뚜Beauty,2022/10,35.0
1108,랏뚜Beauty,2022/11,33.0
1109,랏뚜Beauty,2022/12,28.0
1110,랏뚜Beauty,2023/01,28.0
1111,랏뚜Beauty,2023/02,19.0
1112,랏뚜Beauty,2023/03,19.0
1113,랏뚜Beauty,2023/04,22.0
1114,랏뚜Beauty,2023/05,19.0
1115,랏뚜Beauty,2023/06,16.0
1116,랏뚜Beauty,2023/07,17.0
1117,랏뚜Beauty,2023/08,15.0
1118,러브솔,2022/08,7.0
1119,러브솔,2022/09,7.0
1120,러브솔,2022/10,7.0
1121,러브솔,2022/11,7.0
1122,러브솔,2022/12,7.0
1123,러브솔,2023/01,7.0
1124,러브솔,2023/02,7.0
1125,러브솔,2023/03,7.0
1126,러브솔,2023/04,7.0
1127,러브솔,2023/05,7.0
1128,러브솔,2023/06,7.0
1129,러브솔,2023/07,7.0
1130,러브솔,2023/08,7.0
1131,럭히히봉heebong,2022/08,581.0
1132,럭히히봉heebong,2022/09,
1133,럭히히봉heebong,2022/10,
1134,럭히히봉heebong,2022/11,
1135,럭히히봉heebong,2022/12,
1136,럭히히봉heebong,2023/01,
1137,럭히히봉heebong,2023/02,
1138,럭히히봉heebong,2023/03,
1139,럭히히봉heebong,2023/04,31.0
1140,럭히히봉heebong,2023/05,31.0
1141,럭히히봉heebong,2023/06,31.0
1142,럭히히봉heebong,2023/07,17.0
1143,럭히히봉heebong,2023/08,17.0
1144,런던혜원,2022/08,12.0
1145,런던혜원,2022/09,12.0
1146,런던혜원,2022/10,14.0
1147,런던혜원,2022/11,13.0
1148,런던혜원,2022/12,14.0
1149,런던혜원,2023/01,13.0
1150,런던혜원,2023/02,14.0
1151,런던혜원,2023/03,13.0
1152,런던혜원,2023/04,15.0
1153,런던혜원,2023/05,15.0
1154,런던혜원,2023/06,17.0
1155,런던혜원,2023/07,17.0
1156,런던혜원,2023/08,18.0
1170,레삐디오(RepitProfessional),2022/08,7.0
1171,레삐디오(RepitProfessional),2022/09,6.0
1172,레삐디오(RepitProfessional),2022/10,6.0
1173,레삐디오(RepitProfessional),2022/11,6.0
1174,레삐디오(RepitProfessional),2022/12,7.0
1175,레삐디오(RepitProfessional),2023/01,7.0
1176,레삐디오(RepitProfessional),2023/02,7.0
1177,레삐디오(RepitProfessional),2023/03,8.0
1178,레삐디오(RepitProfessional),2023/04,7.0
1179,레삐디오(RepitProfessional),2023/05,8.0
1180,레삐디오(RepitProfessional),2023/06,9.0
1181,레삐디오(RepitProfessional),2023/07,9.0
1182,레삐디오(RepitProfessional),2023/08,11.0
1183,로로와아델라roroadella,2022/08,11.0
1184,로로와아델라roroadella,2022/09,12.0
1185,로로와아델라roroadella,2022/10,11.0
1186,로로와아델라roroadella,2022/11,11.0
1187,로로와아델라roroadella,2022/12,12.0
1188,로로와아델라roroadella,2023/01,12.0
1189,로로와아델라roroadella,2023/02,12.0
1190,로로와아델라roroadella,2023/03,12.0
1191,로로와아델라roroadella,2023/04,12.0
1192,로로와아델라roroadella,2023/05,12.0
1193,로로와아델라roroadella,2023/06,12.0
1194,로로와아델라roroadella,2023/07,13.0
1195,로로와아델라roroadella,2023/08,13.0
1196,로맨틱민서MINSEO,2022/08,10.0
1197,로맨틱민서MINSEO,2022/09,7.0
1198,로맨틱민서MINSEO,2022/10,7.0
1199,로맨틱민서MINSEO,2022/11,7.0
1200,로맨틱민서MINSEO,2022/12,6.0
1201,로맨틱민서MINSEO,2023/01,6.0
1202,로맨틱민서MINSEO,2023/02,6.0
1203,로맨틱민서MINSEO,2023/03,6.0
1204,로맨틱민서MINSEO,2023/04,6.0
1205,로맨틱민서MINSEO,2023/05,6.0
1206,로맨틱민서MINSEO,2023/06,6.0
1207,로맨틱민서MINSEO,2023/07,6.0
1208,로맨틱민서MINSEO,2023/08,6.0
1209,로즈픽스,2022/08,5.0
1210,로즈픽스,2022/09,5.0
1211,로즈픽스,2022/10,5.0
1212,로즈픽스,2022/11,5.0
1213,로즈픽스,2022/12,5.0
1214,로즈픽스,2023/01,6.0
1215,로즈픽스,2023/02,6.0
1216,로즈픽스,2023/03,6.0
1217,로즈픽스,2023/04,7.0
1218,로즈픽스,2023/05,7.0
1219,로즈픽스,2023/06,7.0
1220,로즈픽스,2023/07,7.0
1221,로즈픽스,2023/08,7.0
1222,로즈하,2022/08,14.0
1223,로즈하,2022/09,14.0
1224,로즈하,2022/10,14.0
1225,로즈하,2022/11,13.0
1226,로즈하,2022/12,14.0
1227,로즈하,2023/01,16.0
1228,로즈하,2023/02,16.0
1229,로즈하,2023/03,17.0
1230,로즈하,2023/04,17.0
1231,로즈하,2023/05,16.0
1232,로즈하,2023/06,16.0
1233,로즈하,2023/07,14.0
1234,로즈하,2023/08,13.0
1235,로지Rosie,2022/08,11.0
1236,로지Rosie,2022/09,11.0
1237,로지Rosie,2022/10,10.0
1238,로지Rosie,2022/11,8.0
1239,로지Rosie,2022/12,8.0
1240,로지Rosie,2023/01,8.0
1241,로지Rosie,2023/02,7.0
1242,로지Rosie,2023/03,7.0
1243,로지Rosie,2023/04,7.0
1244,로지Rosie,2023/05,6.0
1245,로지Rosie,2023/06,7.0
1246,로지Rosie,2023/07,7.0
1247,로지Rosie,2023/08,7.0
1248,루루팡,2022/08,15.0
1249,루루팡,2022/09,17.0
1250,루루팡,2022/10,18.0
1251,루루팡,2022/11,19.0
1252,루루팡,2022/12,18.0
1253,루루팡,2023/01,17.0
1254,루루팡,2023/02,17.0
1255,루루팡,2023/03,17.0
1256,루루팡,2023/04,18.0
1257,루루팡,2023/05,19.0
1258,루루팡,2023/06,20.0
1259,루루팡,2023/07,19.0
1260,루루팡,2023/08,19.0
1261,루이연 ruiyeon,2022/08,18.0
1262,루이연 ruiyeon,2022/09,20.0
1263,루이연 ruiyeon,2022/10,22.0
1264,루이연 ruiyeon,2022/11,27.0
1265,루이연 ruiyeon,2022/12,36.0
1266,루이연 ruiyeon,2023/01,36.0
1267,루이연 ruiyeon,2023/02,36.0
1268,루이연 ruiyeon,2023/03,43.0
1269,루이연 ruiyeon,2023/04,43.0
1270,루이연 ruiyeon,2023/05,43.0
1271,루이연 ruiyeon,2023/06,42.0
1272,루이연 ruiyeon,2023/07,50.0
1273,루이연 ruiyeon,2023/08,52.0
1274,루치나,2022/08,3.0
1275,루치나,2022/09,4.0
1276,루치나,2022/10,4.0
1277,루치나,2022/11,4.0
1278,루치나,2022/12,4.0
1279,루치나,2023/01,4.0
1280,루치나,2023/02,4.0
1281,루치나,2023/03,5.0
1282,루치나,2023/04,6.0
1283,루치나,2023/05,7.0
1284,루치나,2023/06,7.0
1285,루치나,2023/07,7.0
1286,루치나,2023/08,8.0
1287,루혜LUHYE,2022/08,
1288,루혜LUHYE,2022/09,
1289,루혜LUHYE,2022/10,
1290,루혜LUHYE,2022/11,
1291,루혜LUHYE,2022/12,
1292,루혜LUHYE,2023/01,
1293,루혜LUHYE,2023/02,
1294,루혜LUHYE,2023/03,
1295,루혜LUHYE,2023/04,
1296,루혜LUHYE,2023/05,
1297,루혜LUHYE,2023/06,
1298,루혜LUHYE,2023/07,12.0
1299,루혜LUHYE,2023/08,12.0
1300,류스펜나,2022/08,4.0
1301,류스펜나,2022/09,4.0
1302,류스펜나,2022/10,4.0
1303,류스펜나,2022/11,4.0
1304,류스펜나,2022/12,4.0
1305,류스펜나,2023/01,5.0
1306,류스펜나,2023/02,5.0
1307,류스펜나,2023/03,5.0
1308,류스펜나,2023/04,5.0
1309,류스펜나,2023/05,5.0
1310,류스펜나,2023/06,5.0
1311,류스펜나,2023/07,6.0
1312,류스펜나,2023/08,6.0
1313,리음lieum,2022/08,
1314,리음lieum,2022/09,
1315,리음lieum,2022/10,
1316,리음lieum,2022/11,
1317,리음lieum,2022/12,
1318,리음lieum,2023/01,6.0
1319,리음lieum,2023/02,8.0
1320,리음lieum,2023/03,9.0
1321,리음lieum,2023/04,10.0
1322,리음lieum,2023/05,8.0
1323,리음lieum,2023/06,6.0
1324,리음lieum,2023/07,6.0
1325,리음lieum,2023/08,6.0
1339,마이구미Gumhee,2022/08,49.0
1340,마이구미Gumhee,2022/09,49.0
1341,마이구미Gumhee,2022/10,49.0
1342,마이구미Gumhee,2022/11,62.0
1343,마이구미Gumhee,2022/12,60.0
1344,마이구미Gumhee,2023/01,60.0
1345,마이구미Gumhee,2023/02,66.0
1346,마이구미Gumhee,2023/03,61.0
1347,마이구미Gumhee,2023/04,60.0
1348,마이구미Gumhee,2023/05,60.0
1349,마이구미Gumhee,2023/06,70.0
1350,마이구미Gumhee,2023/07,91.0
1351,마이구미Gumhee,2023/08,71.0
1352,맨지,2022/08,15.0
1353,맨지,2022/09,15.0
1354,맨지,2022/10,17.0
1355,맨지,2022/11,17.0
1356,맨지,2022/12,17.0
1357,맨지,2023/01,16.0
1358,맨지,2023/02,19.0
1359,맨지,2023/03,18.0
1360,맨지,2023/04,18.0
1361,맨지,2023/05,17.0
1362,맨지,2023/06,17.0
1363,맨지,2023/07,15.0
1364,맨지,2023/08,15.0
1365,메리지히_MerryJihee,2022/08,14.0
1366,메리지히_MerryJihee,2022/09,13.0
1367,메리지히_MerryJihee,2022/10,13.0
1368,메리지히_MerryJihee,2022/11,15.0
1369,메리지히_MerryJihee,2022/12,15.0
1370,메리지히_MerryJihee,2023/01,14.0
1371,메리지히_MerryJihee,2023/02,15.0
1372,메리지히_MerryJihee,2023/03,15.0
1373,메리지히_MerryJihee,2023/04,15.0
1374,메리지히_MerryJihee,2023/05,15.0
1375,메리지히_MerryJihee,2023/06,14.0
1376,메리지히_MerryJihee,2023/07,15.0
1377,메리지히_MerryJihee,2023/08,15.0
1378,메멘토설은,2022/08,26.0
1379,메멘토설은,2022/09,27.0
1380,메멘토설은,2022/10,33.0
1381,메멘토설은,2022/11,51.0
1382,메멘토설은,2022/12,66.0
1383,메멘토설은,2023/01,81.0
1384,메멘토설은,2023/02,152.0
1385,메멘토설은,2023/03,127.0
1386,메멘토설은,2023/04,127.0
1387,메멘토설은,2023/05,127.0
1388,메멘토설은,2023/06,113.0
1389,메멘토설은,2023/07,113.0
1390,메멘토설은,2023/08,113.0
1391,몽몽이는 몽몽,2022/08,8.0
1392,몽몽이는 몽몽,2022/09,8.0
1393,몽몽이는 몽몽,2022/10,8.0
1394,몽몽이는 몽몽,2022/11,7.0
1395,몽몽이는 몽몽,2022/12,7.0
1396,몽몽이는 몽몽,2023/01,8.0
1397,몽몽이는 몽몽,2023/02,7.0
1398,몽몽이는 몽몽,2023/03,7.0
1399,몽몽이는 몽몽,2023/04,7.0
1400,몽몽이는 몽몽,2023/05,6.0
1401,몽몽이는 몽몽,2023/06,7.0
1402,몽몽이는 몽몽,2023/07,7.0
1403,몽몽이는 몽몽,2023/08,7.0
1404,몽키TV,2022/08,55.0
1405,몽키TV,2022/09,66.0
1406,몽키TV,2022/10,75.0
1407,몽키TV,2022/11,75.0
1408,몽키TV,2022/12,72.0
1409,몽키TV,2023/01,72.0
1410,몽키TV,2023/02,72.0
1411,몽키TV,2023/03,71.0
1412,몽키TV,2023/04,71.0
1413,몽키TV,2023/05,66.0
1414,몽키TV,2023/06,102.0
1415,몽키TV,2023/07,31.0
1416,몽키TV,2023/08,31.0
1417,묘빵뷰티,2022/08,
1418,묘빵뷰티,2022/09,
1419,묘빵뷰티,2022/10,238.0
1420,묘빵뷰티,2022/11,238.0
1421,묘빵뷰티,2022/12,238.0
1422,묘빵뷰티,2023/01,238.0
1423,묘빵뷰티,2023/02,238.0
1424,묘빵뷰티,2023/03,238.0
1425,묘빵뷰티,2023/04,238.0
1426,묘빵뷰티,2023/05,238.0
1427,묘빵뷰티,2023/06,140.0
1428,묘빵뷰티,2023/07,93.0
1429,묘빵뷰티,2023/08,93.0
1430,묭실언니 허슬기,2022/08,6.0
1431,묭실언니 허슬기,2022/09,6.0
1432,묭실언니 허슬기,2022/10,6.0
1433,묭실언니 허슬기,2022/11,7.0
1434,묭실언니 허슬기,2022/12,7.0
1435,묭실언니 허슬기,2023/01,7.0
1436,묭실언니 허슬기,2023/02,7.0
1437,묭실언니 허슬기,2023/03,7.0
1438,묭실언니 허슬기,2023/04,7.0
1439,묭실언니 허슬기,2023/05,7.0
1440,묭실언니 허슬기,2023/06,7.0
1441,묭실언니 허슬기,2023/07,6.0
1442,묭실언니 허슬기,2023/08,5.0
1456,무지개빅깔,2022/08,27.0
1457,무지개빅깔,2022/09,25.0
1458,무지개빅깔,2022/10,24.0
1459,무지개빅깔,2022/11,24.0
1460,무지개빅깔,2022/12,23.0
1461,무지개빅깔,2023/01,22.0
1462,무지개빅깔,2023/02,16.0
1463,무지개빅깔,2023/03,16.0
1464,무지개빅깔,2023/04,15.0
1465,무지개빅깔,2023/05,15.0
1466,무지개빅깔,2023/06,14.0
1467,무지개빅깔,2023/07,12.0
1468,무지개빅깔,2023/08,13.0
1469,문군MOONGOON,2022/08,
1470,문군MOONGOON,2022/09,
1471,문군MOONGOON,2022/10,244.0
1472,문군MOONGOON,2022/11,244.0
1473,문군MOONGOON,2022/12,244.0
1474,문군MOONGOON,2023/01,244.0
1475,문군MOONGOON,2023/02,244.0
1476,문군MOONGOON,2023/03,244.0
1477,문군MOONGOON,2023/04,244.0
1478,문군MOONGOON,2023/05,244.0
1479,문군MOONGOON,2023/06,122.0
1480,문군MOONGOON,2023/07,122.0
1481,문군MOONGOON,2023/08,122.0
1482,미니월드,2022/08,9.0
1483,미니월드,2022/09,9.0
1484,미니월드,2022/10,9.0
1485,미니월드,2022/11,8.0
1486,미니월드,2022/12,9.0
1487,미니월드,2023/01,9.0
1488,미니월드,2023/02,9.0
1489,미니월드,2023/03,9.0
1490,미니월드,2023/04,9.0
1491,미니월드,2023/05,10.0
1492,미니월드,2023/06,10.0
1493,미니월드,2023/07,11.0
1494,미니월드,2023/08,11.0
1495,미닝Minning,2022/08,5.0
1496,미닝Minning,2022/09,5.0
1497,미닝Minning,2022/10,5.0
1498,미닝Minning,2022/11,5.0
1499,미닝Minning,2022/12,5.0
1500,미닝Minning,2023/01,5.0
1501,미닝Minning,2023/02,5.0
1502,미닝Minning,2023/03,5.0
1503,미닝Minning,2023/04,5.0
1504,미닝Minning,2023/05,5.0
1505,미닝Minning,2023/06,5.0
1506,미닝Minning,2023/07,5.0
1507,미닝Minning,2023/08,5.0
1508,미대살롱,2022/08,
1509,미대살롱,2022/09,
1510,미대살롱,2022/10,
1511,미대살롱,2022/11,
1512,미대살롱,2022/12,
1513,미대살롱,2023/01,
1514,미대살롱,2023/02,
1515,미대살롱,2023/03,
1516,미대살롱,2023/04,
1517,미대살롱,2023/05,
1518,미대살롱,2023/06,
1519,미대살롱,2023/07,
1520,미대살롱,2023/08,43.0
1521,미소제인,2022/08,6.0
1522,미소제인,2022/09,6.0
1523,미소제인,2022/10,5.0
1524,미소제인,2022/11,6.0
1525,미소제인,2022/12,6.0
1526,미소제인,2023/01,6.0
1527,미소제인,2023/02,6.0
1528,미소제인,2023/03,7.0
1529,미소제인,2023/04,7.0
1530,미소제인,2023/05,7.0
1531,미소제인,2023/06,8.0
1532,미소제인,2023/07,9.0
1533,미소제인,2023/08,9.0
1534,미욤miyom,2022/08,10.0
1535,미욤miyom,2022/09,10.0
1536,미욤miyom,2022/10,11.0
1537,미욤miyom,2022/11,11.0
1538,미욤miyom,2022/12,11.0
1539,미욤miyom,2023/01,12.0
1540,미욤miyom,2023/02,13.0
1541,미욤miyom,2023/03,13.0
1542,미욤miyom,2023/04,13.0
1543,미욤miyom,2023/05,11.0
1544,미욤miyom,2023/06,11.0
1545,미욤miyom,2023/07,11.0
1546,미욤miyom,2023/08,11.0
1560,미팩TV미라클스토리,2022/08,2.0
1561,미팩TV미라클스토리,2022/09,2.0
1562,미팩TV미라클스토리,2022/10,1.0
1563,미팩TV미라클스토리,2022/11,2.0
1564,미팩TV미라클스토리,2022/12,2.0
1565,미팩TV미라클스토리,2023/01,1.0
1566,미팩TV미라클스토리,2023/02,1.0
1567,미팩TV미라클스토리,2023/03,2.0
1568,미팩TV미라클스토리,2023/04,2.0
1569,미팩TV미라클스토리,2023/05,2.0
1570,미팩TV미라클스토리,2023/06,2.0
1571,미팩TV미라클스토리,2023/07,2.0
1572,미팩TV미라클스토리,2023/08,2.0
1586,민제이MINJ,2022/08,31.0
1587,민제이MINJ,2022/09,30.0
1588,민제이MINJ,2022/10,30.0
1589,민제이MINJ,2022/11,42.0
1590,민제이MINJ,2022/12,41.0
1591,민제이MINJ,2023/01,41.0
1592,민제이MINJ,2023/02,41.0
1593,민제이MINJ,2023/03,40.0
1594,민제이MINJ,2023/04,44.0
1595,민제이MINJ,2023/05,41.0
1596,민제이MINJ,2023/06,48.0
1597,민제이MINJ,2023/07,56.0
1598,민제이MINJ,2023/08,71.0
1599,밍몽드,2022/08,20.0
1600,밍몽드,2022/09,20.0
1601,밍몽드,2022/10,22.0
1602,밍몽드,2022/11,22.0
1603,밍몽드,2022/12,24.0
1604,밍몽드,2023/01,25.0
1605,밍몽드,2023/02,28.0
1606,밍몽드,2023/03,30.0
1607,밍몽드,2023/04,31.0
1608,밍몽드,2023/05,40.0
1609,밍몽드,2023/06,41.0
1610,밍몽드,2023/07,48.0
1611,밍몽드,2023/08,58.0
1612,바이도하,2022/08,7.0
1613,바이도하,2022/09,7.0
1614,바이도하,2022/10,7.0
1615,바이도하,2022/11,6.0
1616,바이도하,2022/12,6.0
1617,바이도하,2023/01,7.0
1618,바이도하,2023/02,7.0
1619,바이도하,2023/03,7.0
1620,바이도하,2023/04,6.0
1621,바이도하,2023/05,6.0
1622,바이도하,2023/06,6.0
1623,바이도하,2023/07,6.0
1624,바이도하,2023/08,6.0
1625,박돌핀Bakdollphin,2022/08,9.0
1626,박돌핀Bakdollphin,2022/09,9.0
1627,박돌핀Bakdollphin,2022/10,9.0
1628,박돌핀Bakdollphin,2022/11,10.0
1629,박돌핀Bakdollphin,2022/12,11.0
1630,박돌핀Bakdollphin,2023/01,12.0
1631,박돌핀Bakdollphin,2023/02,12.0
1632,박돌핀Bakdollphin,2023/03,12.0
1633,박돌핀Bakdollphin,2023/04,13.0
1634,박돌핀Bakdollphin,2023/05,13.0
1635,박돌핀Bakdollphin,2023/06,13.0
1636,박돌핀Bakdollphin,2023/07,12.0
1637,박돌핀Bakdollphin,2023/08,13.0
1651,배령BELL,2022/08,4.0
1652,배령BELL,2022/09,4.0
1653,배령BELL,2022/10,4.0
1654,배령BELL,2022/11,4.0
1655,배령BELL,2022/12,4.0
1656,배령BELL,2023/01,4.0
1657,배령BELL,2023/02,4.0
1658,배령BELL,2023/03,4.0
1659,배령BELL,2023/04,4.0
1660,배령BELL,2023/05,4.0
1661,배령BELL,2023/06,4.0
1662,배령BELL,2023/07,4.0
1663,배령BELL,2023/08,4.0
1664,보고싶진아,2022/08,8.0
1665,보고싶진아,2022/09,8.0
1666,보고싶진아,2022/10,7.0
1667,보고싶진아,2022/11,7.0
1668,보고싶진아,2022/12,7.0
1669,보고싶진아,2023/01,7.0
1670,보고싶진아,2023/02,7.0
1671,보고싶진아,2023/03,7.0
1672,보고싶진아,2023/04,6.0
1673,보고싶진아,2023/05,6.0
1674,보고싶진아,2023/06,6.0
1675,보고싶진아,2023/07,6.0
1676,보고싶진아,2023/08,6.0
1677,보니bonny,2022/08,17.0
1678,보니bonny,2022/09,20.0
1679,보니bonny,2022/10,21.0
1680,보니bonny,2022/11,20.0
1681,보니bonny,2022/12,21.0
1682,보니bonny,2023/01,21.0
1683,보니bonny,2023/02,20.0
1684,보니bonny,2023/03,21.0
1685,보니bonny,2023/04,21.0
1686,보니bonny,2023/05,25.0
1687,보니bonny,2023/06,25.0
1688,보니bonny,2023/07,25.0
1689,보니bonny,2023/08,22.0
1690,보은 boeun,2022/08,
1691,보은 boeun,2022/09,
1692,보은 boeun,2022/10,
1693,보은 boeun,2022/11,
1694,보은 boeun,2022/12,
1695,보은 boeun,2023/01,
1696,보은 boeun,2023/02,
1697,보은 boeun,2023/03,
1698,보은 boeun,2023/04,
1699,보은 boeun,2023/05,
1700,보은 boeun,2023/06,0.0
1701,보은 boeun,2023/07,0.0
1702,보은 boeun,2023/08,0.0
1703,뷰티마스터윤지연TVbeautymasterYOON,2022/08,55.0
1704,뷰티마스터윤지연TVbeautymasterYOON,2022/09,46.0
1705,뷰티마스터윤지연TVbeautymasterYOON,2022/10,44.0
1706,뷰티마스터윤지연TVbeautymasterYOON,2022/11,70.0
1707,뷰티마스터윤지연TVbeautymasterYOON,2022/12,70.0
1708,뷰티마스터윤지연TVbeautymasterYOON,2023/01,70.0
1709,뷰티마스터윤지연TVbeautymasterYOON,2023/02,70.0
1710,뷰티마스터윤지연TVbeautymasterYOON,2023/03,70.0
1711,뷰티마스터윤지연TVbeautymasterYOON,2023/04,75.0
1712,뷰티마스터윤지연TVbeautymasterYOON,2023/05,71.0
1713,뷰티마스터윤지연TVbeautymasterYOON,2023/06,51.0
1714,뷰티마스터윤지연TVbeautymasterYOON,2023/07,51.0
1715,뷰티마스터윤지연TVbeautymasterYOON,2023/08,56.0
1716,뷰티엔젤,2022/08,7.0
1717,뷰티엔젤,2022/09,7.0
1718,뷰티엔젤,2022/10,7.0
1719,뷰티엔젤,2022/11,7.0
1720,뷰티엔젤,2022/12,7.0
1721,뷰티엔젤,2023/01,7.0
1722,뷰티엔젤,2023/02,7.0
1723,뷰티엔젤,2023/03,8.0
1724,뷰티엔젤,2023/04,7.0
1725,뷰티엔젤,2023/05,8.0
1726,뷰티엔젤,2023/06,8.0
1727,뷰티엔젤,2023/07,8.0
1728,뷰티엔젤,2023/08,7.0
1729,뷰티트레이너쭈언니,2022/08,12.0
1730,뷰티트레이너쭈언니,2022/09,12.0
1731,뷰티트레이너쭈언니,2022/10,13.0
1732,뷰티트레이너쭈언니,2022/11,13.0
1733,뷰티트레이너쭈언니,2022/12,12.0
1734,뷰티트레이너쭈언니,2023/01,13.0
1735,뷰티트레이너쭈언니,2023/02,12.0
1736,뷰티트레이너쭈언니,2023/03,12.0
1737,뷰티트레이너쭈언니,2023/04,12.0
1738,뷰티트레이너쭈언니,2023/05,12.0
1739,뷰티트레이너쭈언니,2023/06,12.0
1740,뷰티트레이너쭈언니,2023/07,13.0
1741,뷰티트레이너쭈언니,2023/08,13.0
1742,뷰티펄진주PEARL,2022/08,5.0
1743,뷰티펄진주PEARL,2022/09,5.0
1744,뷰티펄진주PEARL,2022/10,5.0
1745,뷰티펄진주PEARL,2022/11,5.0
1746,뷰티펄진주PEARL,2022/12,4.0
1747,뷰티펄진주PEARL,2023/01,4.0
1748,뷰티펄진주PEARL,2023/02,4.0
1749,뷰티펄진주PEARL,2023/03,4.0
1750,뷰티펄진주PEARL,2023/04,4.0
1751,뷰티펄진주PEARL,2023/05,4.0
1752,뷰티펄진주PEARL,2023/06,4.0
1753,뷰티펄진주PEARL,2023/07,4.0
1754,뷰티펄진주PEARL,2023/08,4.0
1755,뷰티홈즈,2022/08,31.0
1756,뷰티홈즈,2022/09,37.0
1757,뷰티홈즈,2022/10,63.0
1758,뷰티홈즈,2022/11,203.0
1759,뷰티홈즈,2022/12,259.0
1760,뷰티홈즈,2023/01,259.0
1761,뷰티홈즈,2023/02,259.0
1762,뷰티홈즈,2023/03,259.0
1763,뷰티홈즈,2023/04,259.0
1764,뷰티홈즈,2023/05,259.0
1765,뷰티홈즈,2023/06,259.0
1766,뷰티홈즈,2023/07,259.0
1767,뷰티홈즈,2023/08,95.0
1768,브이록,2022/08,6.0
1769,브이록,2022/09,6.0
1770,브이록,2022/10,7.0
1771,브이록,2022/11,9.0
1772,브이록,2022/12,10.0
1773,브이록,2023/01,11.0
1774,브이록,2023/02,11.0
1775,브이록,2023/03,11.0
1776,브이록,2023/04,10.0
1777,브이록,2023/05,9.0
1778,브이록,2023/06,8.0
1779,브이록,2023/07,9.0
1780,브이록,2023/08,8.0
1781,비타1000서영,2022/08,16.0
1782,비타1000서영,2022/09,19.0
1783,비타1000서영,2022/10,19.0
1784,비타1000서영,2022/11,19.0
1785,비타1000서영,2022/12,19.0
1786,비타1000서영,2023/01,18.0
1787,비타1000서영,2023/02,20.0
1788,비타1000서영,2023/03,19.0
1789,비타1000서영,2023/04,21.0
1790,비타1000서영,2023/05,23.0
1791,비타1000서영,2023/06,23.0
1792,비타1000서영,2023/07,21.0
1793,비타1000서영,2023/08,21.0
1794,뽐니,2022/08,3.0
1795,뽐니,2022/09,3.0
1796,뽐니,2022/10,3.0
1797,뽐니,2022/11,3.0
1798,뽐니,2022/12,3.0
1799,뽐니,2023/01,3.0
1800,뽐니,2023/02,3.0
1801,뽐니,2023/03,3.0
1802,뽐니,2023/04,3.0
1803,뽐니,2023/05,3.0
1804,뽐니,2023/06,3.0
1805,뽐니,2023/07,3.0
1806,뽐니,2023/08,3.0
1807,상아튜브,2022/08,11.0
1808,상아튜브,2022/09,11.0
1809,상아튜브,2022/10,11.0
1810,상아튜브,2022/11,12.0
1811,상아튜브,2022/12,13.0
1812,상아튜브,2023/01,13.0
1813,상아튜브,2023/02,14.0
1814,상아튜브,2023/03,14.0
1815,상아튜브,2023/04,13.0
1816,상아튜브,2023/05,14.0
1817,상아튜브,2023/06,13.0
1818,상아튜브,2023/07,13.0
1819,상아튜브,2023/08,15.0
1820,상은언니,2022/08,10.0
1821,상은언니,2022/09,10.0
1822,상은언니,2022/10,10.0
1823,상은언니,2022/11,10.0
1824,상은언니,2022/12,10.0
1825,상은언니,2023/01,10.0
1826,상은언니,2023/02,10.0
1827,상은언니,2023/03,10.0
1828,상은언니,2023/04,10.0
1829,상은언니,2023/05,12.0
1830,상은언니,2023/06,13.0
1831,상은언니,2023/07,12.0
1832,상은언니,2023/08,12.0
1833,상자의 신발상자,2022/08,6.0
1834,상자의 신발상자,2022/09,5.0
1835,상자의 신발상자,2022/10,5.0
1836,상자의 신발상자,2022/11,5.0
1837,상자의 신발상자,2022/12,5.0
1838,상자의 신발상자,2023/01,5.0
1839,상자의 신발상자,2023/02,6.0
1840,상자의 신발상자,2023/03,5.0
1841,상자의 신발상자,2023/04,5.0
1842,상자의 신발상자,2023/05,5.0
1843,상자의 신발상자,2023/06,5.0
1844,상자의 신발상자,2023/07,5.0
1845,상자의 신발상자,2023/08,4.0
1846,새얀,2022/08,7.0
1847,새얀,2022/09,7.0
1848,새얀,2022/10,7.0
1849,새얀,2022/11,7.0
1850,새얀,2022/12,7.0
1851,새얀,2023/01,7.0
1852,새얀,2023/02,7.0
1853,새얀,2023/03,7.0
1854,새얀,2023/04,7.0
1855,새얀,2023/05,7.0
1856,새얀,2023/06,8.0
1857,새얀,2023/07,8.0
1858,새얀,2023/08,8.0
1859,샨토끼,2022/08,9.0
1860,샨토끼,2022/09,9.0
1861,샨토끼,2022/10,9.0
1862,샨토끼,2022/11,9.0
1863,샨토끼,2022/12,9.0
1864,샨토끼,2023/01,9.0
1865,샨토끼,2023/02,10.0
1866,샨토끼,2023/03,10.0
1867,샨토끼,2023/04,10.0
1868,샨토끼,2023/05,10.0
1869,샨토끼,2023/06,11.0
1870,샨토끼,2023/07,12.0
1871,샨토끼,2023/08,12.0
1872,서달로그,2022/08,279.0
1873,서달로그,2022/09,450.0
1874,서달로그,2022/10,450.0
1875,서달로그,2022/11,450.0
1876,서달로그,2022/12,
1877,서달로그,2023/01,
1878,서달로그,2023/02,
1879,서달로그,2023/03,9.0
1880,서달로그,2023/04,6.0
1881,서달로그,2023/05,6.0
1882,서달로그,2023/06,6.0
1883,서달로그,2023/07,6.0
1884,서달로그,2023/08,6.0
1885,서진온니SJonly,2022/08,33.0
1886,서진온니SJonly,2022/09,43.0
1887,서진온니SJonly,2022/10,43.0
1888,서진온니SJonly,2022/11,47.0
1889,서진온니SJonly,2022/12,27.0
1890,서진온니SJonly,2023/01,27.0
1891,서진온니SJonly,2023/02,27.0
1892,서진온니SJonly,2023/03,27.0
1893,서진온니SJonly,2023/04,27.0
1894,서진온니SJonly,2023/05,33.0
1895,서진온니SJonly,2023/06,0.0
1896,서진온니SJonly,2023/07,0.0
1897,서진온니SJonly,2023/08,
1898,세나킴의건강&뷰티,2022/08,2.0
1899,세나킴의건강&뷰티,2022/09,2.0
1900,세나킴의건강&뷰티,2022/10,2.0
1901,세나킴의건강&뷰티,2022/11,2.0
1902,세나킴의건강&뷰티,2022/12,2.0
1903,세나킴의건강&뷰티,2023/01,2.0
1904,세나킴의건강&뷰티,2023/02,2.0
1905,세나킴의건강&뷰티,2023/03,2.0
1906,세나킴의건강&뷰티,2023/04,3.0
1907,세나킴의건강&뷰티,2023/05,3.0
1908,세나킴의건강&뷰티,2023/06,3.0
1909,세나킴의건강&뷰티,2023/07,3.0
1910,세나킴의건강&뷰티,2023/08,3.0
1911,센트위키Season1,2022/08,4.0
1912,센트위키Season1,2022/09,4.0
1913,센트위키Season1,2022/10,5.0
1914,센트위키Season1,2022/11,5.0
1915,센트위키Season1,2022/12,7.0
1916,센트위키Season1,2023/01,7.0
1917,센트위키Season1,2023/02,8.0
1918,센트위키Season1,2023/03,11.0
1919,센트위키Season1,2023/04,14.0
1920,센트위키Season1,2023/05,26.0
1921,센트위키Season1,2023/06,42.0
1922,센트위키Season1,2023/07,4.0
1923,센트위키Season1,2023/08,4.0
1924,셴나Shenna's,2022/08,26.0
1925,셴나Shenna's,2022/09,36.0
1926,셴나Shenna's,2022/10,28.0
1927,셴나Shenna's,2022/11,26.0
1928,셴나Shenna's,2022/12,34.0
1929,셴나Shenna's,2023/01,34.0
1930,셴나Shenna's,2023/02,30.0
1931,셴나Shenna's,2023/03,30.0
1932,셴나Shenna's,2023/04,37.0
1933,셴나Shenna's,2023/05,36.0
1934,셴나Shenna's,2023/06,37.0
1935,셴나Shenna's,2023/07,43.0
1936,셴나Shenna's,2023/08,45.0
1937,소리쌤,2022/08,50.0
1938,소리쌤,2022/09,48.0
1939,소리쌤,2022/10,48.0
1940,소리쌤,2022/11,58.0
1941,소리쌤,2022/12,60.0
1942,소리쌤,2023/01,60.0
1943,소리쌤,2023/02,60.0
1944,소리쌤,2023/03,64.0
1945,소리쌤,2023/04,57.0
1946,소리쌤,2023/05,45.0
1947,소리쌤,2023/06,45.0
1948,소리쌤,2023/07,43.0
1949,소리쌤,2023/08,21.0
1950,소연뷰티,2022/08,6.0
1951,소연뷰티,2022/09,6.0
1952,소연뷰티,2022/10,6.0
1953,소연뷰티,2022/11,6.0
1954,소연뷰티,2022/12,7.0
1955,소연뷰티,2023/01,6.0
1956,소연뷰티,2023/02,7.0
1957,소연뷰티,2023/03,6.0
1958,소연뷰티,2023/04,7.0
1959,소연뷰티,2023/05,8.0
1960,소연뷰티,2023/06,8.0
1961,소연뷰티,2023/07,9.0
1962,소연뷰티,2023/08,9.0
1963,소의튜브,2022/08,4.0
1964,소의튜브,2022/09,4.0
1965,소의튜브,2022/10,4.0
1966,소의튜브,2022/11,4.0
1967,소의튜브,2022/12,4.0
1968,소의튜브,2023/01,4.0
1969,소의튜브,2023/02,4.0
1970,소의튜브,2023/03,4.0
1971,소의튜브,2023/04,4.0
1972,소의튜브,2023/05,4.0
1973,소의튜브,2023/06,4.0
1974,소의튜브,2023/07,4.0
1975,소의튜브,2023/08,4.0
1976,송아현,2022/08,4.0
1977,송아현,2022/09,5.0
1978,송아현,2022/10,5.0
1979,송아현,2022/11,4.0
1980,송아현,2022/12,4.0
1981,송아현,2023/01,4.0
1982,송아현,2023/02,5.0
1983,송아현,2023/03,4.0
1984,송아현,2023/04,4.0
1985,송아현,2023/05,4.0
1986,송아현,2023/06,4.0
1987,송아현,2023/07,4.0
1988,송아현,2023/08,4.0
1989,송이송이,2022/08,4.0
1990,송이송이,2022/09,4.0
1991,송이송이,2022/10,4.0
1992,송이송이,2022/11,4.0
1993,송이송이,2022/12,4.0
1994,송이송이,2023/01,3.0
1995,송이송이,2023/02,3.0
1996,송이송이,2023/03,3.0
1997,송이송이,2023/04,4.0
1998,송이송이,2023/05,4.0
1999,송이송이,2023/06,4.0
2000,송이송이,2023/07,4.0
2001,송이송이,2023/08,4.0
2002,송필드,2022/08,5.0
2003,송필드,2022/09,5.0
2004,송필드,2022/10,5.0
2005,송필드,2022/11,4.0
2006,송필드,2022/12,5.0
2007,송필드,2023/01,5.0
2008,송필드,2023/02,5.0
2009,송필드,2023/03,4.0
2010,송필드,2023/04,4.0
2011,송필드,2023/05,4.0
2012,송필드,2023/06,4.0
2013,송필드,2023/07,4.0
2014,송필드,2023/08,4.0
2015,수리Suri,2022/08,20.0
2016,수리Suri,2022/09,20.0
2017,수리Suri,2022/10,19.0
2018,수리Suri,2022/11,19.0
2019,수리Suri,2022/12,19.0
2020,수리Suri,2023/01,20.0
2021,수리Suri,2023/02,22.0
2022,수리Suri,2023/03,23.0
2023,수리Suri,2023/04,23.0
2024,수리Suri,2023/05,21.0
2025,수리Suri,2023/06,20.0
2026,수리Suri,2023/07,21.0
2027,수리Suri,2023/08,20.0
2028,수박온니,2022/08,5.0
2029,수박온니,2022/09,5.0
2030,수박온니,2022/10,5.0
2031,수박온니,2022/11,4.0
2032,수박온니,2022/12,4.0
2033,수박온니,2023/01,4.0
2034,수박온니,2023/02,4.0
2035,수박온니,2023/03,4.0
2036,수박온니,2023/04,4.0
2037,수박온니,2023/05,4.0
2038,수박온니,2023/06,4.0
2039,수박온니,2023/07,4.0
2040,수박온니,2023/08,4.0
2041,수성헤어,2022/08,10.0
2042,수성헤어,2022/09,11.0
2043,수성헤어,2022/10,11.0
2044,수성헤어,2022/11,11.0
2045,수성헤어,2022/12,11.0
2046,수성헤어,2023/01,18.0
2047,수성헤어,2023/02,13.0
2048,수성헤어,2023/03,13.0
2049,수성헤어,2023/04,13.0
2050,수성헤어,2023/05,13.0
2051,수성헤어,2023/06,13.0
2052,수성헤어,2023/07,13.0
2053,수성헤어,2023/08,13.0
2054,수수하SOSOHA,2022/08,6.0
2055,수수하SOSOHA,2022/09,6.0
2056,수수하SOSOHA,2022/10,6.0
2057,수수하SOSOHA,2022/11,6.0
2058,수수하SOSOHA,2022/12,6.0
2059,수수하SOSOHA,2023/01,6.0
2060,수수하SOSOHA,2023/02,6.0
2061,수수하SOSOHA,2023/03,6.0
2062,수수하SOSOHA,2023/04,6.0
2063,수수하SOSOHA,2023/05,6.0
2064,수수하SOSOHA,2023/06,6.0
2065,수수하SOSOHA,2023/07,7.0
2066,수수하SOSOHA,2023/08,6.0
2067,수앤유Sooandyou,2022/08,13.0
2068,수앤유Sooandyou,2022/09,13.0
2069,수앤유Sooandyou,2022/10,12.0
2070,수앤유Sooandyou,2022/11,12.0
2071,수앤유Sooandyou,2022/12,11.0
2072,수앤유Sooandyou,2023/01,10.0
2073,수앤유Sooandyou,2023/02,10.0
2074,수앤유Sooandyou,2023/03,9.0
2075,수앤유Sooandyou,2023/04,8.0
2076,수앤유Sooandyou,2023/05,8.0
2077,수앤유Sooandyou,2023/06,8.0
2078,수앤유Sooandyou,2023/07,8.0
2079,수앤유Sooandyou,2023/08,7.0
2080,숩니subni,2022/08,76.0
2081,숩니subni,2022/09,127.0
2082,숩니subni,2022/10,475.0
2083,숩니subni,2022/11,
2084,숩니subni,2022/12,
2085,숩니subni,2023/01,
2086,숩니subni,2023/02,14.0
2087,숩니subni,2023/03,20.0
2088,숩니subni,2023/04,17.0
2089,숩니subni,2023/05,17.0
2090,숩니subni,2023/06,21.0
2091,숩니subni,2023/07,20.0
2092,숩니subni,2023/08,23.0
2093,스라테티션 slathetician,2022/08,421.0
2094,스라테티션 slathetician,2022/09,
2095,스라테티션 slathetician,2022/10,
2096,스라테티션 slathetician,2022/11,111.0
2097,스라테티션 slathetician,2022/12,111.0
2098,스라테티션 slathetician,2023/01,111.0
2099,스라테티션 slathetician,2023/02,125.0
2100,스라테티션 slathetician,2023/03,125.0
2101,스라테티션 slathetician,2023/04,125.0
2102,스라테티션 slathetician,2023/05,125.0
2103,스라테티션 slathetician,2023/06,125.0
2104,스라테티션 slathetician,2023/07,83.0
2105,스라테티션 slathetician,2023/08,83.0
2106,스완SWAN_현실남자뷰티,2022/08,3.0
2107,스완SWAN_현실남자뷰티,2022/09,3.0
2108,스완SWAN_현실남자뷰티,2022/10,3.0
2109,스완SWAN_현실남자뷰티,2022/11,3.0
2110,스완SWAN_현실남자뷰티,2022/12,3.0
2111,스완SWAN_현실남자뷰티,2023/01,3.0
2112,스완SWAN_현실남자뷰티,2023/02,3.0
2113,스완SWAN_현실남자뷰티,2023/03,3.0
2114,스완SWAN_현실남자뷰티,2023/04,3.0
2115,스완SWAN_현실남자뷰티,2023/05,3.0
2116,스완SWAN_현실남자뷰티,2023/06,3.0
2117,스완SWAN_현실남자뷰티,2023/07,3.0
2118,스완SWAN_현실남자뷰티,2023/08,3.0
2132,스튜디오앤드-StudioA.N.D,2022/08,14.0
2133,스튜디오앤드-StudioA.N.D,2022/09,16.0
2134,스튜디오앤드-StudioA.N.D,2022/10,17.0
2135,스튜디오앤드-StudioA.N.D,2022/11,19.0
2136,스튜디오앤드-StudioA.N.D,2022/12,21.0
2137,스튜디오앤드-StudioA.N.D,2023/01,21.0
2138,스튜디오앤드-StudioA.N.D,2023/02,24.0
2139,스튜디오앤드-StudioA.N.D,2023/03,24.0
2140,스튜디오앤드-StudioA.N.D,2023/04,23.0
2141,스튜디오앤드-StudioA.N.D,2023/05,23.0
2142,스튜디오앤드-StudioA.N.D,2023/06,25.0
2143,스튜디오앤드-StudioA.N.D,2023/07,28.0
2144,스튜디오앤드-StudioA.N.D,2023/08,28.0
2145,심플리 수빈,2022/08,21.0
2146,심플리 수빈,2022/09,18.0
2147,심플리 수빈,2022/10,19.0
2148,심플리 수빈,2022/11,17.0
2149,심플리 수빈,2022/12,17.0
2150,심플리 수빈,2023/01,14.0
2151,심플리 수빈,2023/02,13.0
2152,심플리 수빈,2023/03,13.0
2153,심플리 수빈,2023/04,14.0
2154,심플리 수빈,2023/05,12.0
2155,심플리 수빈,2023/06,11.0
2156,심플리 수빈,2023/07,11.0
2157,심플리 수빈,2023/08,10.0
2158,썸블리,2022/08,10.0
2159,썸블리,2022/09,13.0
2160,썸블리,2022/10,13.0
2161,썸블리,2022/11,13.0
2162,썸블리,2022/12,13.0
2163,썸블리,2023/01,13.0
2164,썸블리,2023/02,14.0
2165,썸블리,2023/03,18.0
2166,썸블리,2023/04,20.0
2167,썸블리,2023/05,21.0
2168,썸블리,2023/06,25.0
2169,썸블리,2023/07,29.0
2170,썸블리,2023/08,31.0
2171,씬님,2022/08,8.0
2172,씬님,2022/09,8.0
2173,씬님,2022/10,9.0
2174,씬님,2022/11,8.0
2175,씬님,2022/12,8.0
2176,씬님,2023/01,8.0
2177,씬님,2023/02,8.0
2178,씬님,2023/03,9.0
2179,씬님,2023/04,8.0
2180,씬님,2023/05,8.0
2181,씬님,2023/06,8.0
2182,씬님,2023/07,8.0
2183,씬님,2023/08,8.0
2184,씬스타일ssinstyle,2022/08,6.0
2185,씬스타일ssinstyle,2022/09,6.0
2186,씬스타일ssinstyle,2022/10,7.0
2187,씬스타일ssinstyle,2022/11,8.0
2188,씬스타일ssinstyle,2022/12,9.0
2189,씬스타일ssinstyle,2023/01,11.0
2190,씬스타일ssinstyle,2023/02,14.0
2191,씬스타일ssinstyle,2023/03,16.0
2192,씬스타일ssinstyle,2023/04,15.0
2193,씬스타일ssinstyle,2023/05,14.0
2194,씬스타일ssinstyle,2023/06,14.0
2195,씬스타일ssinstyle,2023/07,14.0
2196,씬스타일ssinstyle,2023/08,13.0
2197,아두찌로그,2022/08,2.0
2198,아두찌로그,2022/09,2.0
2199,아두찌로그,2022/10,2.0
2200,아두찌로그,2022/11,2.0
2201,아두찌로그,2022/12,2.0
2202,아두찌로그,2023/01,2.0
2203,아두찌로그,2023/02,1.0
2204,아두찌로그,2023/03,1.0
2205,아두찌로그,2023/04,1.0
2206,아두찌로그,2023/05,1.0
2207,아두찌로그,2023/06,1.0
2208,아두찌로그,2023/07,1.0
2209,아두찌로그,2023/08,1.0
2210,아름송이,2022/08,9.0
2211,아름송이,2022/09,9.0
2212,아름송이,2022/10,9.0
2213,아름송이,2022/11,9.0
2214,아름송이,2022/12,8.0
2215,아름송이,2023/01,8.0
2216,아름송이,2023/02,9.0
2217,아름송이,2023/03,9.0
2218,아름송이,2023/04,9.0
2219,아름송이,2023/05,9.0
2220,아름송이,2023/06,9.0
2221,아름송이,2023/07,9.0
2222,아름송이,2023/08,10.0
2223,아름하다,2022/08,7.0
2224,아름하다,2022/09,6.0
2225,아름하다,2022/10,5.0
2226,아름하다,2022/11,5.0
2227,아름하다,2022/12,4.0
2228,아름하다,2023/01,4.0
2229,아름하다,2023/02,4.0
2230,아름하다,2023/03,4.0
2231,아름하다,2023/04,4.0
2232,아름하다,2023/05,3.0
2233,아름하다,2023/06,3.0
2234,아름하다,2023/07,3.0
2235,아름하다,2023/08,3.0
2236,아옳이,2022/08,9.0
2237,아옳이,2022/09,9.0
2238,아옳이,2022/10,9.0
2239,아옳이,2022/11,8.0
2240,아옳이,2022/12,9.0
2241,아옳이,2023/01,9.0
2242,아옳이,2023/02,9.0
2243,아옳이,2023/03,10.0
2244,아옳이,2023/04,10.0
2245,아옳이,2023/05,9.0
2246,아옳이,2023/06,9.0
2247,아옳이,2023/07,10.0
2248,아옳이,2023/08,10.0
2249,아이엠맹,2022/08,55.0
2250,아이엠맹,2022/09,55.0
2251,아이엠맹,2022/10,60.0
2252,아이엠맹,2022/11,57.0
2253,아이엠맹,2022/12,46.0
2254,아이엠맹,2023/01,42.0
2255,아이엠맹,2023/02,45.0
2256,아이엠맹,2023/03,45.0
2257,아이엠맹,2023/04,41.0
2258,아이엠맹,2023/05,33.0
2259,아이엠맹,2023/06,33.0
2260,아이엠맹,2023/07,35.0
2261,아이엠맹,2023/08,29.0
2262,안녕설기,2022/08,11.0
2263,안녕설기,2022/09,12.0
2264,안녕설기,2022/10,12.0
2265,안녕설기,2022/11,12.0
2266,안녕설기,2022/12,13.0
2267,안녕설기,2023/01,14.0
2268,안녕설기,2023/02,14.0
2269,안녕설기,2023/03,13.0
2270,안녕설기,2023/04,13.0
2271,안녕설기,2023/05,12.0
2272,안녕설기,2023/06,12.0
2273,안녕설기,2023/07,12.0
2274,안녕설기,2023/08,12.0
2275,안녕영경,2022/08,7.0
2276,안녕영경,2022/09,7.0
2277,안녕영경,2022/10,7.0
2278,안녕영경,2022/11,8.0
2279,안녕영경,2022/12,8.0
2280,안녕영경,2023/01,8.0
2281,안녕영경,2023/02,9.0
2282,안녕영경,2023/03,10.0
2283,안녕영경,2023/04,9.0
2284,안녕영경,2023/05,10.0
2285,안녕영경,2023/06,10.0
2286,안녕영경,2023/07,10.0
2287,안녕영경,2023/08,11.0
2288,안녕하새은,2022/08,8.0
2289,안녕하새은,2022/09,8.0
2290,안녕하새은,2022/10,8.0
2291,안녕하새은,2022/11,8.0
2292,안녕하새은,2022/12,8.0
2293,안녕하새은,2023/01,8.0
2294,안녕하새은,2023/02,8.0
2295,안녕하새은,2023/03,8.0
2296,안녕하새은,2023/04,8.0
2297,안녕하새은,2023/05,8.0
2298,안녕하새은,2023/06,8.0
2299,안녕하새은,2023/07,8.0
2300,안녕하새은,2023/08,8.0
2301,애슐리Ashley,2022/08,
2302,애슐리Ashley,2022/09,
2303,애슐리Ashley,2022/10,0.0
2304,애슐리Ashley,2022/11,0.0
2305,애슐리Ashley,2022/12,0.0
2306,애슐리Ashley,2023/01,0.0
2307,애슐리Ashley,2023/02,0.0
2308,애슐리Ashley,2023/03,0.0
2309,애슐리Ashley,2023/04,0.0
2310,애슐리Ashley,2023/05,0.0
2311,애슐리Ashley,2023/06,0.0
2312,애슐리Ashley,2023/07,0.0
2313,애슐리Ashley,2023/08,0.0
2327,엄마의 보물창고,2022/08,25.0
2328,엄마의 보물창고,2022/09,30.0
2329,엄마의 보물창고,2022/10,36.0
2330,엄마의 보물창고,2022/11,41.0
2331,엄마의 보물창고,2022/12,42.0
2332,엄마의 보물창고,2023/01,30.0
2333,엄마의 보물창고,2023/02,30.0
2334,엄마의 보물창고,2023/03,30.0
2335,엄마의 보물창고,2023/04,30.0
2336,엄마의 보물창고,2023/05,38.0
2337,엄마의 보물창고,2023/06,4.0
2338,엄마의 보물창고,2023/07,4.0
2339,엄마의 보물창고,2023/08,4.0
2340,에센스룸,2022/08,4.0
2341,에센스룸,2022/09,4.0
2342,에센스룸,2022/10,4.0
2343,에센스룸,2022/11,4.0
2344,에센스룸,2022/12,4.0
2345,에센스룸,2023/01,4.0
2346,에센스룸,2023/02,4.0
2347,에센스룸,2023/03,4.0
2348,에센스룸,2023/04,4.0
2349,에센스룸,2023/05,4.0
2350,에센스룸,2023/06,4.0
2351,에센스룸,2023/07,4.0
2352,에센스룸,2023/08,4.0
2353,에이프롬,2022/08,6.0
2354,에이프롬,2022/09,6.0
2355,에이프롬,2022/10,6.0
2356,에이프롬,2022/11,5.0
2357,에이프롬,2022/12,5.0
2358,에이프롬,2023/01,5.0
2359,에이프롬,2023/02,5.0
2360,에이프롬,2023/03,6.0
2361,에이프롬,2023/04,6.0
2362,에이프롬,2023/05,6.0
2363,에이프롬,2023/06,6.0
2364,에이프롬,2023/07,5.0
2365,에이프롬,2023/08,5.0
2366,엘리,2022/08,5.0
2367,엘리,2022/09,5.0
2368,엘리,2022/10,5.0
2369,엘리,2022/11,5.0
2370,엘리,2022/12,5.0
2371,엘리,2023/01,4.0
2372,엘리,2023/02,4.0
2373,엘리,2023/03,4.0
2374,엘리,2023/04,4.0
2375,엘리,2023/05,4.0
2376,엘리,2023/06,4.0
2377,엘리,2023/07,4.0
2378,엘리,2023/08,4.0
2379,엘피디,2022/08,4.0
2380,엘피디,2022/09,4.0
2381,엘피디,2022/10,4.0
2382,엘피디,2022/11,4.0
2383,엘피디,2022/12,3.0
2384,엘피디,2023/01,3.0
2385,엘피디,2023/02,3.0
2386,엘피디,2023/03,3.0
2387,엘피디,2023/04,3.0
2388,엘피디,2023/05,3.0
2389,엘피디,2023/06,3.0
2390,엘피디,2023/07,3.0
2391,엘피디,2023/08,3.0
2392,여음IsYeoeum,2022/08,76.0
2393,여음IsYeoeum,2022/09,76.0
2394,여음IsYeoeum,2022/10,102.0
2395,여음IsYeoeum,2022/11,120.0
2396,여음IsYeoeum,2022/12,140.0
2397,여음IsYeoeum,2023/01,140.0
2398,여음IsYeoeum,2023/02,390.0
2399,여음IsYeoeum,2023/03,7.0
2400,여음IsYeoeum,2023/04,5.0
2401,여음IsYeoeum,2023/05,5.0
2402,여음IsYeoeum,2023/06,5.0
2403,여음IsYeoeum,2023/07,5.0
2404,여음IsYeoeum,2023/08,5.0
2405,연두콩,2022/08,11.0
2406,연두콩,2022/09,11.0
2407,연두콩,2022/10,11.0
2408,연두콩,2022/11,10.0
2409,연두콩,2022/12,10.0
2410,연두콩,2023/01,9.0
2411,연두콩,2023/02,9.0
2412,연두콩,2023/03,9.0
2413,연두콩,2023/04,9.0
2414,연두콩,2023/05,9.0
2415,연두콩,2023/06,8.0
2416,연두콩,2023/07,8.0
2417,연두콩,2023/08,8.0
2418,연선yeonsun,2022/08,15.0
2419,연선yeonsun,2022/09,15.0
2420,연선yeonsun,2022/10,14.0
2421,연선yeonsun,2022/11,13.0
2422,연선yeonsun,2022/12,13.0
2423,연선yeonsun,2023/01,14.0
2424,연선yeonsun,2023/02,13.0
2425,연선yeonsun,2023/03,13.0
2426,연선yeonsun,2023/04,12.0
2427,연선yeonsun,2023/05,11.0
2428,연선yeonsun,2023/06,13.0
2429,연선yeonsun,2023/07,10.0
2430,연선yeonsun,2023/08,9.0
2431,예리네일yerinails,2022/08,23.0
2432,예리네일yerinails,2022/09,23.0
2433,예리네일yerinails,2022/10,23.0
2434,예리네일yerinails,2022/11,23.0
2435,예리네일yerinails,2022/12,24.0
2436,예리네일yerinails,2023/01,24.0
2437,예리네일yerinails,2023/02,33.0
2438,예리네일yerinails,2023/03,34.0
2439,예리네일yerinails,2023/04,35.0
2440,예리네일yerinails,2023/05,34.0
2441,예리네일yerinails,2023/06,29.0
2442,예리네일yerinails,2023/07,27.0
2443,예리네일yerinails,2023/08,30.0
2457,예순이,2022/08,7.0
2458,예순이,2022/09,7.0
2459,예순이,2022/10,7.0
2460,예순이,2022/11,7.0
2461,예순이,2022/12,7.0
2462,예순이,2023/01,7.0
2463,예순이,2023/02,8.0
2464,예순이,2023/03,8.0
2465,예순이,2023/04,8.0
2466,예순이,2023/05,8.0
2467,예순이,2023/06,8.0
2468,예순이,2023/07,9.0
2469,예순이,2023/08,10.0
2470,예스럽다,2022/08,51.0
2471,예스럽다,2022/09,49.0
2472,예스럽다,2022/10,49.0
2473,예스럽다,2022/11,49.0
2474,예스럽다,2022/12,47.0
2475,예스럽다,2023/01,47.0
2476,예스럽다,2023/02,49.0
2477,예스럽다,2023/03,42.0
2478,예스럽다,2023/04,42.0
2479,예스럽다,2023/05,42.0
2480,예스럽다,2023/06,65.0
2481,예스럽다,2023/07,14.0
2482,예스럽다,2023/08,14.0
2483,예영이예영,2022/08,7.0
2484,예영이예영,2022/09,7.0
2485,예영이예영,2022/10,7.0
2486,예영이예영,2022/11,7.0
2487,예영이예영,2022/12,7.0
2488,예영이예영,2023/01,7.0
2489,예영이예영,2023/02,8.0
2490,예영이예영,2023/03,7.0
2491,예영이예영,2023/04,7.0
2492,예영이예영,2023/05,8.0
2493,예영이예영,2023/06,8.0
2494,예영이예영,2023/07,8.0
2495,예영이예영,2023/08,9.0
2496,오늘의하늘,2022/08,7.0
2497,오늘의하늘,2022/09,8.0
2498,오늘의하늘,2022/10,8.0
2499,오늘의하늘,2022/11,8.0
2500,오늘의하늘,2022/12,9.0
2501,오늘의하늘,2023/01,10.0
2502,오늘의하늘,2023/02,11.0
2503,오늘의하늘,2023/03,11.0
2504,오늘의하늘,2023/04,13.0
2505,오늘의하늘,2023/05,13.0
2506,오늘의하늘,2023/06,14.0
2507,오늘의하늘,2023/07,17.0
2508,오늘의하늘,2023/08,18.0
2509,오자Oza,2022/08,8.0
2510,오자Oza,2022/09,8.0
2511,오자Oza,2022/10,7.0
2512,오자Oza,2022/11,6.0
2513,오자Oza,2022/12,6.0
2514,오자Oza,2023/01,6.0
2515,오자Oza,2023/02,6.0
2516,오자Oza,2023/03,6.0
2517,오자Oza,2023/04,5.0
2518,오자Oza,2023/05,4.0
2519,오자Oza,2023/06,4.0
2520,오자Oza,2023/07,4.0
2521,오자Oza,2023/08,4.0
2535,옥뷰티,2022/08,37.0
2536,옥뷰티,2022/09,56.0
2537,옥뷰티,2022/10,59.0
2538,옥뷰티,2022/11,49.0
2539,옥뷰티,2022/12,42.0
2540,옥뷰티,2023/01,42.0
2541,옥뷰티,2023/02,37.0
2542,옥뷰티,2023/03,33.0
2543,옥뷰티,2023/04,35.0
2544,옥뷰티,2023/05,32.0
2545,옥뷰티,2023/06,32.0
2546,옥뷰티,2023/07,32.0
2547,옥뷰티,2023/08,34.0
2548,온리원서의,2022/08,7.0
2549,온리원서의,2022/09,7.0
2550,온리원서의,2022/10,7.0
2551,온리원서의,2022/11,7.0
2552,온리원서의,2022/12,7.0
2553,온리원서의,2023/01,7.0
2554,온리원서의,2023/02,8.0
2555,온리원서의,2023/03,8.0
2556,온리원서의,2023/04,8.0
2557,온리원서의,2023/05,7.0
2558,온리원서의,2023/06,8.0
2559,온리원서의,2023/07,8.0
2560,온리원서의,2023/08,8.0
2561,올니드,2022/08,24.0
2562,올니드,2022/09,22.0
2563,올니드,2022/10,23.0
2564,올니드,2022/11,32.0
2565,올니드,2022/12,32.0
2566,올니드,2023/01,33.0
2567,올니드,2023/02,35.0
2568,올니드,2023/03,50.0
2569,올니드,2023/04,50.0
2570,올니드,2023/05,50.0
2571,올니드,2023/06,50.0
2572,올니드,2023/07,64.0
2573,올니드,2023/08,59.0
2574,와디의 신발장,2022/08,1.0
2575,와디의 신발장,2022/09,1.0
2576,와디의 신발장,2022/10,1.0
2577,와디의 신발장,2022/11,1.0
2578,와디의 신발장,2022/12,1.0
2579,와디의 신발장,2023/01,1.0
2580,와디의 신발장,2023/02,2.0
2581,와디의 신발장,2023/03,2.0
2582,와디의 신발장,2023/04,2.0
2583,와디의 신발장,2023/05,2.0
2584,와디의 신발장,2023/06,2.0
2585,와디의 신발장,2023/07,2.0
2586,와디의 신발장,2023/08,2.0
2587,욘조yonzo,2022/08,5.0
2588,욘조yonzo,2022/09,5.0
2589,욘조yonzo,2022/10,5.0
2590,욘조yonzo,2022/11,5.0
2591,욘조yonzo,2022/12,5.0
2592,욘조yonzo,2023/01,5.0
2593,욘조yonzo,2023/02,4.0
2594,욘조yonzo,2023/03,4.0
2595,욘조yonzo,2023/04,5.0
2596,욘조yonzo,2023/05,5.0
2597,욘조yonzo,2023/06,5.0
2598,욘조yonzo,2023/07,5.0
2599,욘조yonzo,2023/08,5.0
2600,우린,2022/08,5.0
2601,우린,2022/09,6.0
2602,우린,2022/10,6.0
2603,우린,2022/11,5.0
2604,우린,2022/12,4.0
2605,우린,2023/01,4.0
2606,우린,2023/02,4.0
2607,우린,2023/03,4.0
2608,우린,2023/04,3.0
2609,우린,2023/05,3.0
2610,우린,2023/06,3.0
2611,우린,2023/07,3.0
2612,우린,2023/08,3.0
2613,웨이채널,2022/08,7.0
2614,웨이채널,2022/09,6.0
2615,웨이채널,2022/10,7.0
2616,웨이채널,2022/11,6.0
2617,웨이채널,2022/12,6.0
2618,웨이채널,2023/01,6.0
2619,웨이채널,2023/02,6.0
2620,웨이채널,2023/03,7.0
2621,웨이채널,2023/04,6.0
2622,웨이채널,2023/05,7.0
2623,웨이채널,2023/06,7.0
2624,웨이채널,2023/07,7.0
2625,웨이채널,2023/08,7.0
2626,유나YUNA,2022/08,7.0
2627,유나YUNA,2022/09,7.0
2628,유나YUNA,2022/10,7.0
2629,유나YUNA,2022/11,8.0
2630,유나YUNA,2022/12,7.0
2631,유나YUNA,2023/01,7.0
2632,유나YUNA,2023/02,8.0
2633,유나YUNA,2023/03,8.0
2634,유나YUNA,2023/04,8.0
2635,유나YUNA,2023/05,8.0
2636,유나YUNA,2023/06,10.0
2637,유나YUNA,2023/07,11.0
2638,유나YUNA,2023/08,10.0
2639,유네영,2022/08,31.0
2640,유네영,2022/09,33.0
2641,유네영,2022/10,35.0
2642,유네영,2022/11,44.0
2643,유네영,2022/12,56.0
2644,유네영,2023/01,63.0
2645,유네영,2023/02,80.0
2646,유네영,2023/03,80.0
2647,유네영,2023/04,119.0
2648,유네영,2023/05,70.0
2649,유네영,2023/06,60.0
2650,유네영,2023/07,63.0
2651,유네영,2023/08,63.0
2652,유리숍,2022/08,4.0
2653,유리숍,2022/09,5.0
2654,유리숍,2022/10,5.0
2655,유리숍,2022/11,5.0
2656,유리숍,2022/12,5.0
2657,유리숍,2023/01,4.0
2658,유리숍,2023/02,5.0
2659,유리숍,2023/03,5.0
2660,유리숍,2023/04,5.0
2661,유리숍,2023/05,4.0
2662,유리숍,2023/06,4.0
2663,유리숍,2023/07,4.0
2664,유리숍,2023/08,4.0
2665,유아델리urdaily,2022/08,41.0
2666,유아델리urdaily,2022/09,29.0
2667,유아델리urdaily,2022/10,27.0
2668,유아델리urdaily,2022/11,27.0
2669,유아델리urdaily,2022/12,30.0
2670,유아델리urdaily,2023/01,43.0
2671,유아델리urdaily,2023/02,38.0
2672,유아델리urdaily,2023/03,38.0
2673,유아델리urdaily,2023/04,38.0
2674,유아델리urdaily,2023/05,38.0
2675,유아델리urdaily,2023/06,38.0
2676,유아델리urdaily,2023/07,38.0
2677,유아델리urdaily,2023/08,41.0
2678,유이레컬러OneandOnly,2022/08,7.0
2679,유이레컬러OneandOnly,2022/09,7.0
2680,유이레컬러OneandOnly,2022/10,7.0
2681,유이레컬러OneandOnly,2022/11,7.0
2682,유이레컬러OneandOnly,2022/12,7.0
2683,유이레컬러OneandOnly,2023/01,8.0
2684,유이레컬러OneandOnly,2023/02,8.0
2685,유이레컬러OneandOnly,2023/03,8.0
2686,유이레컬러OneandOnly,2023/04,7.0
2687,유이레컬러OneandOnly,2023/05,8.0
2688,유이레컬러OneandOnly,2023/06,8.0
2689,유이레컬러OneandOnly,2023/07,9.0
2690,유이레컬러OneandOnly,2023/08,9.0
2691,유자차Ujatea,2022/08,19.0
2692,유자차Ujatea,2022/09,24.0
2693,유자차Ujatea,2022/10,26.0
2694,유자차Ujatea,2022/11,24.0
2695,유자차Ujatea,2022/12,24.0
2696,유자차Ujatea,2023/01,20.0
2697,유자차Ujatea,2023/02,20.0
2698,유자차Ujatea,2023/03,19.0
2699,유자차Ujatea,2023/04,21.0
2700,유자차Ujatea,2023/05,20.0
2701,유자차Ujatea,2023/06,20.0
2702,유자차Ujatea,2023/07,17.0
2703,유자차Ujatea,2023/08,15.0
2704,윤민쌤,2022/08,4.0
2705,윤민쌤,2022/09,4.0
2706,윤민쌤,2022/10,4.0
2707,윤민쌤,2022/11,4.0
2708,윤민쌤,2022/12,4.0
2709,윤민쌤,2023/01,4.0
2710,윤민쌤,2023/02,4.0
2711,윤민쌤,2023/03,4.0
2712,윤민쌤,2023/04,4.0
2713,윤민쌤,2023/05,4.0
2714,윤민쌤,2023/06,4.0
2715,윤민쌤,2023/07,5.0
2716,윤민쌤,2023/08,5.0
2717,윤새 yoonsae,2022/08,5.0
2718,윤새 yoonsae,2022/09,5.0
2719,윤새 yoonsae,2022/10,5.0
2720,윤새 yoonsae,2022/11,5.0
2721,윤새 yoonsae,2022/12,5.0
2722,윤새 yoonsae,2023/01,5.0
2723,윤새 yoonsae,2023/02,5.0
2724,윤새 yoonsae,2023/03,5.0
2725,윤새 yoonsae,2023/04,4.0
2726,윤새 yoonsae,2023/05,5.0
2727,윤새 yoonsae,2023/06,4.0
2728,윤새 yoonsae,2023/07,4.0
2729,윤새 yoonsae,2023/08,4.0
2743,윤이니yooniny,2022/08,7.0
2744,윤이니yooniny,2022/09,7.0
2745,윤이니yooniny,2022/10,8.0
2746,윤이니yooniny,2022/11,9.0
2747,윤이니yooniny,2022/12,10.0
2748,윤이니yooniny,2023/01,11.0
2749,윤이니yooniny,2023/02,12.0
2750,윤이니yooniny,2023/03,14.0
2751,윤이니yooniny,2023/04,15.0
2752,윤이니yooniny,2023/05,17.0
2753,윤이니yooniny,2023/06,18.0
2754,윤이니yooniny,2023/07,18.0
2755,윤이니yooniny,2023/08,21.0
2756,윤이든,2022/08,3.0
2757,윤이든,2022/09,3.0
2758,윤이든,2022/10,3.0
2759,윤이든,2022/11,3.0
2760,윤이든,2022/12,3.0
2761,윤이든,2023/01,3.0
2762,윤이든,2023/02,3.0
2763,윤이든,2023/03,3.0
2764,윤이든,2023/04,3.0
2765,윤이든,2023/05,3.0
2766,윤이든,2023/06,3.0
2767,윤이든,2023/07,3.0
2768,윤이든,2023/08,3.0
2782,윤터터yunteoteo,2022/08,18.0
2783,윤터터yunteoteo,2022/09,18.0
2784,윤터터yunteoteo,2022/10,18.0
2785,윤터터yunteoteo,2022/11,17.0
2786,윤터터yunteoteo,2022/12,17.0
2787,윤터터yunteoteo,2023/01,17.0
2788,윤터터yunteoteo,2023/02,18.0
2789,윤터터yunteoteo,2023/03,16.0
2790,윤터터yunteoteo,2023/04,16.0
2791,윤터터yunteoteo,2023/05,17.0
2792,윤터터yunteoteo,2023/06,17.0
2793,윤터터yunteoteo,2023/07,20.0
2794,윤터터yunteoteo,2023/08,3.0
2795,율럽,2022/08,7.0
2796,율럽,2022/09,7.0
2797,율럽,2022/10,7.0
2798,율럽,2022/11,7.0
2799,율럽,2022/12,7.0
2800,율럽,2023/01,7.0
2801,율럽,2023/02,7.0
2802,율럽,2023/03,7.0
2803,율럽,2023/04,7.0
2804,율럽,2023/05,7.0
2805,율럽,2023/06,8.0
2806,율럽,2023/07,8.0
2807,율럽,2023/08,8.0
2808,윰YUM,2022/08,5.0
2809,윰YUM,2022/09,4.0
2810,윰YUM,2022/10,4.0
2811,윰YUM,2022/11,4.0
2812,윰YUM,2022/12,4.0
2813,윰YUM,2023/01,3.0
2814,윰YUM,2023/02,3.0
2815,윰YUM,2023/03,3.0
2816,윰YUM,2023/04,3.0
2817,윰YUM,2023/05,4.0
2818,윰YUM,2023/06,4.0
2819,윰YUM,2023/07,4.0
2820,윰YUM,2023/08,4.0
2821,은조미,2022/08,10.0
2822,은조미,2022/09,8.0
2823,은조미,2022/10,8.0
2824,은조미,2022/11,9.0
2825,은조미,2022/12,9.0
2826,은조미,2023/01,9.0
2827,은조미,2023/02,10.0
2828,은조미,2023/03,10.0
2829,은조미,2023/04,10.0
2830,은조미,2023/05,10.0
2831,은조미,2023/06,12.0
2832,은조미,2023/07,12.0
2833,은조미,2023/08,12.0
2834,이니아니,2022/08,15.0
2835,이니아니,2022/09,15.0
2836,이니아니,2022/10,17.0
2837,이니아니,2022/11,17.0
2838,이니아니,2022/12,15.0
2839,이니아니,2023/01,15.0
2840,이니아니,2023/02,17.0
2841,이니아니,2023/03,16.0
2842,이니아니,2023/04,15.0
2843,이니아니,2023/05,16.0
2844,이니아니,2023/06,17.0
2845,이니아니,2023/07,16.0
2846,이니아니,2023/08,16.0
2847,인애킴,2022/08,19.0
2848,인애킴,2022/09,19.0
2849,인애킴,2022/10,20.0
2850,인애킴,2022/11,21.0
2851,인애킴,2022/12,22.0
2852,인애킴,2023/01,22.0
2853,인애킴,2023/02,23.0
2854,인애킴,2023/03,24.0
2855,인애킴,2023/04,24.0
2856,인애킴,2023/05,32.0
2857,인애킴,2023/06,31.0
2858,인애킴,2023/07,31.0
2859,인애킴,2023/08,36.0
2860,잉구EEN9,2022/08,8.0
2861,잉구EEN9,2022/09,9.0
2862,잉구EEN9,2022/10,9.0
2863,잉구EEN9,2022/11,9.0
2864,잉구EEN9,2022/12,9.0
2865,잉구EEN9,2023/01,9.0
2866,잉구EEN9,2023/02,9.0
2867,잉구EEN9,2023/03,8.0
2868,잉구EEN9,2023/04,9.0
2869,잉구EEN9,2023/05,9.0
2870,잉구EEN9,2023/06,9.0
2871,잉구EEN9,2023/07,9.0
2872,잉구EEN9,2023/08,9.0
2873,장쌀롱,2022/08,6.0
2874,장쌀롱,2022/09,6.0
2875,장쌀롱,2022/10,8.0
2876,장쌀롱,2022/11,9.0
2877,장쌀롱,2022/12,9.0
2878,장쌀롱,2023/01,10.0
2879,장쌀롱,2023/02,10.0
2880,장쌀롱,2023/03,12.0
2881,장쌀롱,2023/04,12.0
2882,장쌀롱,2023/05,12.0
2883,장쌀롱,2023/06,13.0
2884,장쌀롱,2023/07,15.0
2885,장쌀롱,2023/08,14.0
2886,정다윤,2022/08,3.0
2887,정다윤,2022/09,3.0
2888,정다윤,2022/10,3.0
2889,정다윤,2022/11,4.0
2890,정다윤,2022/12,4.0
2891,정다윤,2023/01,4.0
2892,정다윤,2023/02,4.0
2893,정다윤,2023/03,4.0
2894,정다윤,2023/04,4.0
2895,정다윤,2023/05,4.0
2896,정다윤,2023/06,4.0
2897,정다윤,2023/07,4.0
2898,정다윤,2023/08,4.0
2899,정어리jungeory,2022/08,
2900,정어리jungeory,2022/09,
2901,정어리jungeory,2022/10,
2902,정어리jungeory,2022/11,
2903,정어리jungeory,2022/12,5.0
2904,정어리jungeory,2023/01,5.0
2905,정어리jungeory,2023/02,5.0
2906,정어리jungeory,2023/03,5.0
2907,정어리jungeory,2023/04,5.0
2908,정어리jungeory,2023/05,5.0
2909,정어리jungeory,2023/06,5.0
2910,정어리jungeory,2023/07,5.0
2911,정어리jungeory,2023/08,5.0
2912,정우Jungwoo,2022/08,13.0
2913,정우Jungwoo,2022/09,13.0
2914,정우Jungwoo,2022/10,13.0
2915,정우Jungwoo,2022/11,13.0
2916,정우Jungwoo,2022/12,12.0
2917,정우Jungwoo,2023/01,12.0
2918,정우Jungwoo,2023/02,13.0
2919,정우Jungwoo,2023/03,13.0
2920,정우Jungwoo,2023/04,14.0
2921,정우Jungwoo,2023/05,13.0
2922,정우Jungwoo,2023/06,14.0
2923,정우Jungwoo,2023/07,14.0
2924,정우Jungwoo,2023/08,15.0
2925,정채,2022/08,32.0
2926,정채,2022/09,31.0
2927,정채,2022/10,37.0
2928,정채,2022/11,35.0
2929,정채,2022/12,35.0
2930,정채,2023/01,44.0
2931,정채,2023/02,45.0
2932,정채,2023/03,49.0
2933,정채,2023/04,52.0
2934,정채,2023/05,52.0
2935,정채,2023/06,59.0
2936,정채,2023/07,63.0
2937,정채,2023/08,54.0
2938,제시하다Jessiehada,2022/08,7.0
2939,제시하다Jessiehada,2022/09,7.0
2940,제시하다Jessiehada,2022/10,7.0
2941,제시하다Jessiehada,2022/11,7.0
2942,제시하다Jessiehada,2022/12,7.0
2943,제시하다Jessiehada,2023/01,7.0
2944,제시하다Jessiehada,2023/02,7.0
2945,제시하다Jessiehada,2023/03,7.0
2946,제시하다Jessiehada,2023/04,7.0
2947,제시하다Jessiehada,2023/05,7.0
2948,제시하다Jessiehada,2023/06,8.0
2949,제시하다Jessiehada,2023/07,8.0
2950,제시하다Jessiehada,2023/08,9.0
2964,제이시JAYCEE,2022/08,12.0
2965,제이시JAYCEE,2022/09,13.0
2966,제이시JAYCEE,2022/10,18.0
2967,제이시JAYCEE,2022/11,20.0
2968,제이시JAYCEE,2022/12,23.0
2969,제이시JAYCEE,2023/01,24.0
2970,제이시JAYCEE,2023/02,26.0
2971,제이시JAYCEE,2023/03,34.0
2972,제이시JAYCEE,2023/04,48.0
2973,제이시JAYCEE,2023/05,42.0
2974,제이시JAYCEE,2023/06,42.0
2975,제이시JAYCEE,2023/07,36.0
2976,제이시JAYCEE,2023/08,36.0
2977,제타zetta,2022/08,696.0
2978,제타zetta,2022/09,
2979,제타zetta,2022/10,
2980,제타zetta,2022/11,
2981,제타zetta,2022/12,
2982,제타zetta,2023/01,
2983,제타zetta,2023/02,
2984,제타zetta,2023/03,
2985,제타zetta,2023/04,
2986,제타zetta,2023/05,
2987,제타zetta,2023/06,
2988,제타zetta,2023/07,
2989,제타zetta,2023/08,0.0
2990,조니로그,2022/08,76.0
2991,조니로그,2022/09,76.0
2992,조니로그,2022/10,76.0
2993,조니로그,2022/11,76.0
2994,조니로그,2022/12,49.0
2995,조니로그,2023/01,35.0
2996,조니로그,2023/02,35.0
2997,조니로그,2023/03,31.0
2998,조니로그,2023/04,38.0
2999,조니로그,2023/05,41.0
3000,조니로그,2023/06,41.0
3001,조니로그,2023/07,27.0
3002,조니로그,2023/08,24.0
3003,조돌월드JodolWorld,2022/08,8.0
3004,조돌월드JodolWorld,2022/09,9.0
3005,조돌월드JodolWorld,2022/10,9.0
3006,조돌월드JodolWorld,2022/11,9.0
3007,조돌월드JodolWorld,2022/12,9.0
3008,조돌월드JodolWorld,2023/01,9.0
3009,조돌월드JodolWorld,2023/02,9.0
3010,조돌월드JodolWorld,2023/03,10.0
3011,조돌월드JodolWorld,2023/04,10.0
3012,조돌월드JodolWorld,2023/05,10.0
3013,조돌월드JodolWorld,2023/06,10.0
3014,조돌월드JodolWorld,2023/07,10.0
3015,조돌월드JodolWorld,2023/08,10.0
3016,쥬쥬쥬세요,2022/08,26.0
3017,쥬쥬쥬세요,2022/09,29.0
3018,쥬쥬쥬세요,2022/10,33.0
3019,쥬쥬쥬세요,2022/11,30.0
3020,쥬쥬쥬세요,2022/12,29.0
3021,쥬쥬쥬세요,2023/01,38.0
3022,쥬쥬쥬세요,2023/02,36.0
3023,쥬쥬쥬세요,2023/03,46.0
3024,쥬쥬쥬세요,2023/04,47.0
3025,쥬쥬쥬세요,2023/05,51.0
3026,쥬쥬쥬세요,2023/06,55.0
3027,쥬쥬쥬세요,2023/07,32.0
3028,쥬쥬쥬세요,2023/08,24.0
3029,쥴리쿠,2022/08,9.0
3030,쥴리쿠,2022/09,10.0
3031,쥴리쿠,2022/10,10.0
3032,쥴리쿠,2022/11,10.0
3033,쥴리쿠,2022/12,10.0
3034,쥴리쿠,2023/01,10.0
3035,쥴리쿠,2023/02,10.0
3036,쥴리쿠,2023/03,10.0
3037,쥴리쿠,2023/04,10.0
3038,쥴리쿠,2023/05,10.0
3039,쥴리쿠,2023/06,10.0
3040,쥴리쿠,2023/07,10.0
3041,쥴리쿠,2023/08,10.0
3042,지안씨,2022/08,4.0
3043,지안씨,2022/09,4.0
3044,지안씨,2022/10,4.0
3045,지안씨,2022/11,4.0
3046,지안씨,2022/12,4.0
3047,지안씨,2023/01,4.0
3048,지안씨,2023/02,4.0
3049,지안씨,2023/03,4.0
3050,지안씨,2023/04,3.0
3051,지안씨,2023/05,3.0
3052,지안씨,2023/06,3.0
3053,지안씨,2023/07,3.0
3054,지안씨,2023/08,3.0
3055,지애,2022/08,4.0
3056,지애,2022/09,4.0
3057,지애,2022/10,4.0
3058,지애,2022/11,4.0
3059,지애,2022/12,4.0
3060,지애,2023/01,4.0
3061,지애,2023/02,5.0
3062,지애,2023/03,5.0
3063,지애,2023/04,5.0
3064,지애,2023/05,5.0
3065,지애,2023/06,5.0
3066,지애,2023/07,5.0
3067,지애,2023/08,5.0
3068,지옹이,2022/08,251.0
3069,지옹이,2022/09,342.0
3070,지옹이,2022/10,342.0
3071,지옹이,2022/11,342.0
3072,지옹이,2022/12,342.0
3073,지옹이,2023/01,127.0
3074,지옹이,2023/02,20.0
3075,지옹이,2023/03,13.0
3076,지옹이,2023/04,13.0
3077,지옹이,2023/05,13.0
3078,지옹이,2023/06,13.0
3079,지옹이,2023/07,13.0
3080,지옹이,2023/08,13.0
3081,지인언니,2022/08,8.0
3082,지인언니,2022/09,9.0
3083,지인언니,2022/10,9.0
3084,지인언니,2022/11,9.0
3085,지인언니,2022/12,9.0
3086,지인언니,2023/01,9.0
3087,지인언니,2023/02,9.0
3088,지인언니,2023/03,10.0
3089,지인언니,2023/04,10.0
3090,지인언니,2023/05,10.0
3091,지인언니,2023/06,10.0
3092,지인언니,2023/07,10.0
3093,지인언니,2023/08,10.0
3094,진아쌤,2022/08,37.0
3095,진아쌤,2022/09,37.0
3096,진아쌤,2022/10,40.0
3097,진아쌤,2022/11,52.0
3098,진아쌤,2022/12,60.0
3099,진아쌤,2023/01,63.0
3100,진아쌤,2023/02,59.0
3101,진아쌤,2023/03,59.0
3102,진아쌤,2023/04,61.0
3103,진아쌤,2023/05,61.0
3104,진아쌤,2023/06,46.0
3105,진아쌤,2023/07,46.0
3106,진아쌤,2023/08,46.0
3107,집 팔아 화장품 사는 깡나,2022/08,7.0
3108,집 팔아 화장품 사는 깡나,2022/09,7.0
3109,집 팔아 화장품 사는 깡나,2022/10,7.0
3110,집 팔아 화장품 사는 깡나,2022/11,7.0
3111,집 팔아 화장품 사는 깡나,2022/12,7.0
3112,집 팔아 화장품 사는 깡나,2023/01,7.0
3113,집 팔아 화장품 사는 깡나,2023/02,8.0
3114,집 팔아 화장품 사는 깡나,2023/03,8.0
3115,집 팔아 화장품 사는 깡나,2023/04,8.0
3116,집 팔아 화장품 사는 깡나,2023/05,8.0
3117,집 팔아 화장품 사는 깡나,2023/06,7.0
3118,집 팔아 화장품 사는 깡나,2023/07,7.0
3119,집 팔아 화장품 사는 깡나,2023/08,7.0
3120,짱세zzangse,2022/08,44.0
3121,짱세zzangse,2022/09,48.0
3122,짱세zzangse,2022/10,26.0
3123,짱세zzangse,2022/11,41.0
3124,짱세zzangse,2022/12,41.0
3125,짱세zzangse,2023/01,41.0
3126,짱세zzangse,2023/02,41.0
3127,짱세zzangse,2023/03,37.0
3128,짱세zzangse,2023/04,32.0
3129,짱세zzangse,2023/05,32.0
3130,짱세zzangse,2023/06,31.0
3131,짱세zzangse,2023/07,36.0
3132,짱세zzangse,2023/08,35.0
3133,찬살롱TV남자머리해결사,2022/08,7.0
3134,찬살롱TV남자머리해결사,2022/09,7.0
3135,찬살롱TV남자머리해결사,2022/10,7.0
3136,찬살롱TV남자머리해결사,2022/11,7.0
3137,찬살롱TV남자머리해결사,2022/12,7.0
3138,찬살롱TV남자머리해결사,2023/01,7.0
3139,찬살롱TV남자머리해결사,2023/02,8.0
3140,찬살롱TV남자머리해결사,2023/03,8.0
3141,찬살롱TV남자머리해결사,2023/04,9.0
3142,찬살롱TV남자머리해결사,2023/05,9.0
3143,찬살롱TV남자머리해결사,2023/06,10.0
3144,찬살롱TV남자머리해결사,2023/07,10.0
3145,찬살롱TV남자머리해결사,2023/08,11.0
3146,채니 CHAENY,2022/08,15.0
3147,채니 CHAENY,2022/09,15.0
3148,채니 CHAENY,2022/10,13.0
3149,채니 CHAENY,2022/11,13.0
3150,채니 CHAENY,2022/12,12.0
3151,채니 CHAENY,2023/01,13.0
3152,채니 CHAENY,2023/02,12.0
3153,채니 CHAENY,2023/03,11.0
3154,채니 CHAENY,2023/04,10.0
3155,채니 CHAENY,2023/05,10.0
3156,채니 CHAENY,2023/06,9.0
3157,채니 CHAENY,2023/07,10.0
3158,채니 CHAENY,2023/08,9.0
3159,채르니Chaerny,2022/08,8.0
3160,채르니Chaerny,2022/09,11.0
3161,채르니Chaerny,2022/10,11.0
3162,채르니Chaerny,2022/11,11.0
3163,채르니Chaerny,2022/12,11.0
3164,채르니Chaerny,2023/01,12.0
3165,채르니Chaerny,2023/02,14.0
3166,채르니Chaerny,2023/03,14.0
3167,채르니Chaerny,2023/04,15.0
3168,채르니Chaerny,2023/05,17.0
3169,채르니Chaerny,2023/06,14.0
3170,채르니Chaerny,2023/07,13.0
3171,채르니Chaerny,2023/08,12.0
3172,채소,2022/08,6.0
3173,채소,2022/09,6.0
3174,채소,2022/10,6.0
3175,채소,2022/11,6.0
3176,채소,2022/12,7.0
3177,채소,2023/01,6.0
3178,채소,2023/02,7.0
3179,채소,2023/03,7.0
3180,채소,2023/04,6.0
3181,채소,2023/05,7.0
3182,채소,2023/06,7.0
3183,채소,2023/07,7.0
3184,채소,2023/08,7.0
3185,최은경의 관리사무소,2022/08,6.0
3186,최은경의 관리사무소,2022/09,6.0
3187,최은경의 관리사무소,2022/10,6.0
3188,최은경의 관리사무소,2022/11,6.0
3189,최은경의 관리사무소,2022/12,7.0
3190,최은경의 관리사무소,2023/01,7.0
3191,최은경의 관리사무소,2023/02,7.0
3192,최은경의 관리사무소,2023/03,7.0
3193,최은경의 관리사무소,2023/04,7.0
3194,최은경의 관리사무소,2023/05,7.0
3195,최은경의 관리사무소,2023/06,7.0
3196,최은경의 관리사무소,2023/07,7.0
3197,최은경의 관리사무소,2023/08,7.0
3198,최칸나KANNA,2022/08,40.0
3199,최칸나KANNA,2022/09,42.0
3200,최칸나KANNA,2022/10,54.0
3201,최칸나KANNA,2022/11,40.0
3202,최칸나KANNA,2022/12,44.0
3203,최칸나KANNA,2023/01,44.0
3204,최칸나KANNA,2023/02,41.0
3205,최칸나KANNA,2023/03,41.0
3206,최칸나KANNA,2023/04,39.0
3207,최칸나KANNA,2023/05,43.0
3208,최칸나KANNA,2023/06,48.0
3209,최칸나KANNA,2023/07,51.0
3210,최칸나KANNA,2023/08,38.0
3211,춤추는선진이,2022/08,18.0
3212,춤추는선진이,2022/09,22.0
3213,춤추는선진이,2022/10,22.0
3214,춤추는선진이,2022/11,24.0
3215,춤추는선진이,2022/12,18.0
3216,춤추는선진이,2023/01,18.0
3217,춤추는선진이,2023/02,20.0
3218,춤추는선진이,2023/03,20.0
3219,춤추는선진이,2023/04,19.0
3220,춤추는선진이,2023/05,18.0
3221,춤추는선진이,2023/06,18.0
3222,춤추는선진이,2023/07,18.0
3223,춤추는선진이,2023/08,17.0
3224,치유,2022/08,31.0
3225,치유,2022/09,31.0
3226,치유,2022/10,32.0
3227,치유,2022/11,30.0
3228,치유,2022/12,25.0
3229,치유,2023/01,22.0
3230,치유,2023/02,14.0
3231,치유,2023/03,13.0
3232,치유,2023/04,12.0
3233,치유,2023/05,13.0
3234,치유,2023/06,14.0
3235,치유,2023/07,13.0
3236,치유,2023/08,11.0
3250,코코초이,2022/08,6.0
3251,코코초이,2022/09,6.0
3252,코코초이,2022/10,6.0
3253,코코초이,2022/11,6.0
3254,코코초이,2022/12,7.0
3255,코코초이,2023/01,7.0
3256,코코초이,2023/02,7.0
3257,코코초이,2023/03,7.0
3258,코코초이,2023/04,7.0
3259,코코초이,2023/05,7.0
3260,코코초이,2023/06,7.0
3261,코코초이,2023/07,7.0
3262,코코초이,2023/08,6.0
3276,큐도리,2022/08,6.0
3277,큐도리,2022/09,7.0
3278,큐도리,2022/10,8.0
3279,큐도리,2022/11,9.0
3280,큐도리,2022/12,9.0
3281,큐도리,2023/01,9.0
3282,큐도리,2023/02,9.0
3283,큐도리,2023/03,11.0
3284,큐도리,2023/04,18.0
3285,큐도리,2023/05,19.0
3286,큐도리,2023/06,21.0
3287,큐도리,2023/07,24.0
3288,큐도리,2023/08,23.0
3289,파우더룸,2022/08,7.0
3290,파우더룸,2022/09,7.0
3291,파우더룸,2022/10,7.0
3292,파우더룸,2022/11,8.0
3293,파우더룸,2022/12,10.0
3294,파우더룸,2023/01,12.0
3295,파우더룸,2023/02,23.0
3296,파우더룸,2023/03,31.0
3297,파우더룸,2023/04,37.0
3298,파우더룸,2023/05,39.0
3299,파우더룸,2023/06,47.0
3300,파우더룸,2023/07,42.0
3301,파우더룸,2023/08,43.0
3302,팔색쪼마리,2022/08,27.0
3303,팔색쪼마리,2022/09,28.0
3304,팔색쪼마리,2022/10,27.0
3305,팔색쪼마리,2022/11,26.0
3306,팔색쪼마리,2022/12,26.0
3307,팔색쪼마리,2023/01,26.0
3308,팔색쪼마리,2023/02,22.0
3309,팔색쪼마리,2023/03,29.0
3310,팔색쪼마리,2023/04,27.0
3311,팔색쪼마리,2023/05,29.0
3312,팔색쪼마리,2023/06,27.0
3313,팔색쪼마리,2023/07,27.0
3314,팔색쪼마리,2023/08,19.0
3315,패션 팬아시아,2022/08,10.0
3316,패션 팬아시아,2022/09,10.0
3317,패션 팬아시아,2022/10,10.0
3318,패션 팬아시아,2022/11,10.0
3319,패션 팬아시아,2022/12,10.0
3320,패션 팬아시아,2023/01,9.0
3321,패션 팬아시아,2023/02,9.0
3322,패션 팬아시아,2023/03,9.0
3323,패션 팬아시아,2023/04,9.0
3324,패션 팬아시아,2023/05,9.0
3325,패션 팬아시아,2023/06,10.0
3326,패션 팬아시아,2023/07,10.0
3327,패션 팬아시아,2023/08,9.0
3328,패션-정찬양,2022/08,8.0
3329,패션-정찬양,2022/09,8.0
3330,패션-정찬양,2022/10,8.0
3331,패션-정찬양,2022/11,8.0
3332,패션-정찬양,2022/12,9.0
3333,패션-정찬양,2023/01,9.0
3334,패션-정찬양,2023/02,9.0
3335,패션-정찬양,2023/03,9.0
3336,패션-정찬양,2023/04,10.0
3337,패션-정찬양,2023/05,10.0
3338,패션-정찬양,2023/06,11.0
3339,패션-정찬양,2023/07,12.0
3340,패션-정찬양,2023/08,12.0
3354,팽대표의퍼스널,2022/08,7.0
3355,팽대표의퍼스널,2022/09,7.0
3356,팽대표의퍼스널,2022/10,7.0
3357,팽대표의퍼스널,2022/11,7.0
3358,팽대표의퍼스널,2022/12,7.0
3359,팽대표의퍼스널,2023/01,7.0
3360,팽대표의퍼스널,2023/02,7.0
3361,팽대표의퍼스널,2023/03,7.0
3362,팽대표의퍼스널,2023/04,7.0
3363,팽대표의퍼스널,2023/05,7.0
3364,팽대표의퍼스널,2023/06,7.0
3365,팽대표의퍼스널,2023/07,7.0
3366,팽대표의퍼스널,2023/08,7.0
3367,포푼젤,2022/08,11.0
3368,포푼젤,2022/09,11.0
3369,포푼젤,2022/10,11.0
3370,포푼젤,2022/11,12.0
3371,포푼젤,2022/12,13.0
3372,포푼젤,2023/01,12.0
3373,포푼젤,2023/02,13.0
3374,포푼젤,2023/03,13.0
3375,포푼젤,2023/04,13.0
3376,포푼젤,2023/05,14.0
3377,포푼젤,2023/06,13.0
3378,포푼젤,2023/07,13.0
3379,포푼젤,2023/08,13.0
3380,퓨딩,2022/08,7.0
3381,퓨딩,2022/09,8.0
3382,퓨딩,2022/10,8.0
3383,퓨딩,2022/11,8.0
3384,퓨딩,2022/12,9.0
3385,퓨딩,2023/01,9.0
3386,퓨딩,2023/02,10.0
3387,퓨딩,2023/03,10.0
3388,퓨딩,2023/04,11.0
3389,퓨딩,2023/05,15.0
3390,퓨딩,2023/06,16.0
3391,퓨딩,2023/07,19.0
3392,퓨딩,2023/08,21.0
3406,프롬핸fromhaen,2022/08,20.0
3407,프롬핸fromhaen,2022/09,27.0
3408,프롬핸fromhaen,2022/10,27.0
3409,프롬핸fromhaen,2022/11,51.0
3410,프롬핸fromhaen,2022/12,51.0
3411,프롬핸fromhaen,2023/01,51.0
3412,프롬핸fromhaen,2023/02,51.0
3413,프롬핸fromhaen,2023/03,51.0
3414,프롬핸fromhaen,2023/04,51.0
3415,프롬핸fromhaen,2023/05,56.0
3416,프롬핸fromhaen,2023/06,64.0
3417,프롬핸fromhaen,2023/07,49.0
3418,프롬핸fromhaen,2023/08,46.0
3419,프리윤freeyoon,2022/08,275.0
3420,프리윤freeyoon,2022/09,275.0
3421,프리윤freeyoon,2022/10,275.0
3422,프리윤freeyoon,2022/11,275.0
3423,프리윤freeyoon,2022/12,98.0
3424,프리윤freeyoon,2023/01,98.0
3425,프리윤freeyoon,2023/02,98.0
3426,프리윤freeyoon,2023/03,10.0
3427,프리윤freeyoon,2023/04,10.0
3428,프리윤freeyoon,2023/05,10.0
3429,프리윤freeyoon,2023/06,10.0
3430,프리윤freeyoon,2023/07,10.0
3431,프리윤freeyoon,2023/08,10.0
3432,피로,2022/08,3.0
3433,피로,2022/09,2.0
3434,피로,2022/10,2.0
3435,피로,2022/11,2.0
3436,피로,2022/12,2.0
3437,피로,2023/01,2.0
3438,피로,2023/02,2.0
3439,피로,2023/03,2.0
3440,피로,2023/04,2.0
3441,피로,2023/05,2.0
3442,피로,2023/06,2.0
3443,피로,2023/07,2.0
3444,피로,2023/08,2.0
3445,피알남 피부과전문의 김홍석,2022/08,7.0
3446,피알남 피부과전문의 김홍석,2022/09,7.0
3447,피알남 피부과전문의 김홍석,2022/10,7.0
3448,피알남 피부과전문의 김홍석,2022/11,7.0
3449,피알남 피부과전문의 김홍석,2022/12,7.0
3450,피알남 피부과전문의 김홍석,2023/01,7.0
3451,피알남 피부과전문의 김홍석,2023/02,7.0
3452,피알남 피부과전문의 김홍석,2023/03,7.0
3453,피알남 피부과전문의 김홍석,2023/04,7.0
3454,피알남 피부과전문의 김홍석,2023/05,7.0
3455,피알남 피부과전문의 김홍석,2023/06,7.0
3456,피알남 피부과전문의 김홍석,2023/07,7.0
3457,피알남 피부과전문의 김홍석,2023/08,7.0
3458,핑글PINKJJELLY,2022/08,20.0
3459,핑글PINKJJELLY,2022/09,20.0
3460,핑글PINKJJELLY,2022/10,22.0
3461,핑글PINKJJELLY,2022/11,25.0
3462,핑글PINKJJELLY,2022/12,25.0
3463,핑글PINKJJELLY,2023/01,26.0
3464,핑글PINKJJELLY,2023/02,31.0
3465,핑글PINKJJELLY,2023/03,35.0
3466,핑글PINKJJELLY,2023/04,38.0
3467,핑글PINKJJELLY,2023/05,41.0
3468,핑글PINKJJELLY,2023/06,41.0
3469,핑글PINKJJELLY,2023/07,52.0
3470,핑글PINKJJELLY,2023/08,40.0
3471,핑피박_의료미용과겸임교수,2022/08,211.0
3472,핑피박_의료미용과겸임교수,2022/09,211.0
3473,핑피박_의료미용과겸임교수,2022/10,211.0
3474,핑피박_의료미용과겸임교수,2022/11,105.0
3475,핑피박_의료미용과겸임교수,2022/12,105.0
3476,핑피박_의료미용과겸임교수,2023/01,105.0
3477,핑피박_의료미용과겸임교수,2023/02,105.0
3478,핑피박_의료미용과겸임교수,2023/03,105.0
3479,핑피박_의료미용과겸임교수,2023/04,0.0
3480,핑피박_의료미용과겸임교수,2023/05,0.0
3481,핑피박_의료미용과겸임교수,2023/06,0.0
3482,핑피박_의료미용과겸임교수,2023/07,0.0
3483,핑피박_의료미용과겸임교수,2023/08,0.0
3484,하나네집,2022/08,7.0
3485,하나네집,2022/09,7.0
3486,하나네집,2022/10,6.0
3487,하나네집,2022/11,6.0
3488,하나네집,2022/12,7.0
3489,하나네집,2023/01,7.0
3490,하나네집,2023/02,7.0
3491,하나네집,2023/03,7.0
3492,하나네집,2023/04,7.0
3493,하나네집,2023/05,7.0
3494,하나네집,2023/06,7.0
3495,하나네집,2023/07,7.0
3496,하나네집,2023/08,7.0
3497,하능is,2022/08,31.0
3498,하능is,2022/09,29.0
3499,하능is,2022/10,42.0
3500,하능is,2022/11,42.0
3501,하능is,2022/12,28.0
3502,하능is,2023/01,28.0
3503,하능is,2023/02,28.0
3504,하능is,2023/03,28.0
3505,하능is,2023/04,26.0
3506,하능is,2023/05,17.0
3507,하능is,2023/06,14.0
3508,하능is,2023/07,11.0
3509,하능is,2023/08,10.0
3510,하롱롱,2022/08,18.0
3511,하롱롱,2022/09,20.0
3512,하롱롱,2022/10,19.0
3513,하롱롱,2022/11,18.0
3514,하롱롱,2022/12,15.0
3515,하롱롱,2023/01,14.0
3516,하롱롱,2023/02,13.0
3517,하롱롱,2023/03,12.0
3518,하롱롱,2023/04,11.0
3519,하롱롱,2023/05,11.0
3520,하롱롱,2023/06,9.0
3521,하롱롱,2023/07,10.0
3522,하롱롱,2023/08,10.0
3523,하비언니,2022/08,6.0
3524,하비언니,2022/09,6.0
3525,하비언니,2022/10,7.0
3526,하비언니,2022/11,7.0
3527,하비언니,2022/12,7.0
3528,하비언니,2023/01,7.0
3529,하비언니,2023/02,7.0
3530,하비언니,2023/03,7.0
3531,하비언니,2023/04,7.0
3532,하비언니,2023/05,7.0
3533,하비언니,2023/06,8.0
3534,하비언니,2023/07,8.0
3535,하비언니,2023/08,8.0
3536,하빠happa,2022/08,2.0
3537,하빠happa,2022/09,2.0
3538,하빠happa,2022/10,2.0
3539,하빠happa,2022/11,2.0
3540,하빠happa,2022/12,2.0
3541,하빠happa,2023/01,2.0
3542,하빠happa,2023/02,2.0
3543,하빠happa,2023/03,2.0
3544,하빠happa,2023/04,2.0
3545,하빠happa,2023/05,2.0
3546,하빠happa,2023/06,2.0
3547,하빠happa,2023/07,2.0
3548,하빠happa,2023/08,2.0
3562,해딩HAEDING,2022/08,6.0
3563,해딩HAEDING,2022/09,6.0
3564,해딩HAEDING,2022/10,6.0
3565,해딩HAEDING,2022/11,6.0
3566,해딩HAEDING,2022/12,6.0
3567,해딩HAEDING,2023/01,6.0
3568,해딩HAEDING,2023/02,6.0
3569,해딩HAEDING,2023/03,7.0
3570,해딩HAEDING,2023/04,7.0
3571,해딩HAEDING,2023/05,7.0
3572,해딩HAEDING,2023/06,8.0
3573,해딩HAEDING,2023/07,8.0
3574,해딩HAEDING,2023/08,8.0
3588,현실언니,2022/08,30.0
3589,현실언니,2022/09,28.0
3590,현실언니,2022/10,28.0
3591,현실언니,2022/11,25.0
3592,현실언니,2022/12,23.0
3593,현실언니,2023/01,23.0
3594,현실언니,2023/02,24.0
3595,현실언니,2023/03,23.0
3596,현실언니,2023/04,22.0
3597,현실언니,2023/05,23.0
3598,현실언니,2023/06,26.0
3599,현실언니,2023/07,29.0
3600,현실언니,2023/08,23.0
3601,혜봉,2022/08,15.0
3602,혜봉,2022/09,16.0
3603,혜봉,2022/10,16.0
3604,혜봉,2022/11,18.0
3605,혜봉,2022/12,18.0
3606,혜봉,2023/01,16.0
3607,혜봉,2023/02,14.0
3608,혜봉,2023/03,15.0
3609,혜봉,2023/04,15.0
3610,혜봉,2023/05,13.0
3611,혜봉,2023/06,13.0
3612,혜봉,2023/07,12.0
3613,혜봉,2023/08,14.0
3627,호수,2022/08,3.0
3628,호수,2022/09,3.0
3629,호수,2022/10,3.0
3630,호수,2022/11,3.0
3631,호수,2022/12,3.0
3632,호수,2023/01,3.0
3633,호수,2023/02,3.0
3634,호수,2023/03,4.0
3635,호수,2023/04,4.0
3636,호수,2023/05,4.0
3637,호수,2023/06,4.0
3638,호수,2023/07,5.0
3639,호수,2023/08,5.0
3640,홍대미향언니,2022/08,70.0
3641,홍대미향언니,2022/09,70.0
3642,홍대미향언니,2022/10,70.0
3643,홍대미향언니,2022/11,70.0
3644,홍대미향언니,2022/12,101.0
3645,홍대미향언니,2023/01,101.0
3646,홍대미향언니,2023/02,162.0
3647,홍대미향언니,2023/03,169.0
3648,홍대미향언니,2023/04,169.0
3649,홍대미향언니,2023/05,169.0
3650,홍대미향언니,2023/06,169.0
3651,홍대미향언니,2023/07,112.0
3652,홍대미향언니,2023/08,108.0
3653,홍띠끄hongtique,2022/08,183.0
3654,홍띠끄hongtique,2022/09,183.0
3655,홍띠끄hongtique,2022/10,49.0
3656,홍띠끄hongtique,2022/11,49.0
3657,홍띠끄hongtique,2022/12,49.0
3658,홍띠끄hongtique,2023/01,49.0
3659,홍띠끄hongtique,2023/02,49.0
3660,홍띠끄hongtique,2023/03,49.0
3661,홍띠끄hongtique,2023/04,49.0
3662,홍띠끄hongtique,2023/05,0.0
3663,홍띠끄hongtique,2023/06,0.0
3664,홍띠끄hongtique,2023/07,0.0
3665,홍띠끄hongtique,2023/08,0.0
3666,화장품비평가최지현,2022/08,39.0
3667,화장품비평가최지현,2022/09,33.0
3668,화장품비평가최지현,2022/10,30.0
3669,화장품비평가최지현,2022/11,29.0
3670,화장품비평가최지현,2022/12,29.0
3671,화장품비평가최지현,2023/01,14.0
3672,화장품비평가최지현,2023/02,14.0
3673,화장품비평가최지현,2023/03,14.0
3674,화장품비평가최지현,2023/04,14.0
3675,화장품비평가최지현,2023/05,14.0
3676,화장품비평가최지현,2023/06,14.0
3677,화장품비평가최지현,2023/07,13.0
3678,화장품비평가최지현,2023/08,13.0
3679,화장품읽어주는남자화읽남,2022/08,5.0
3680,화장품읽어주는남자화읽남,2022/09,5.0
3681,화장품읽어주는남자화읽남,2022/10,5.0
3682,화장품읽어주는남자화읽남,2022/11,5.0
3683,화장품읽어주는남자화읽남,2022/12,4.0
3684,화장품읽어주는남자화읽남,2023/01,4.0
3685,화장품읽어주는남자화읽남,2023/02,4.0
3686,화장품읽어주는남자화읽남,2023/03,3.0
3687,화장품읽어주는남자화읽남,2023/04,4.0
3688,화장품읽어주는남자화읽남,2023/05,4.0
3689,화장품읽어주는남자화읽남,2023/06,5.0
3690,화장품읽어주는남자화읽남,2023/07,5.0
3691,화장품읽어주는남자화읽남,2023/08,5.0
3705,회사원A,2022/08,3.0
3706,회사원A,2022/09,3.0
3707,회사원A,2022/10,3.0
3708,회사원A,2022/11,3.0
3709,회사원A,2022/12,3.0
3710,회사원A,2023/01,3.0
3711,회사원A,2023/02,3.0
3712,회사원A,2023/03,4.0
3713,회사원A,2023/04,4.0
3714,회사원A,2023/05,4.0
3715,회사원A,2023/06,4.0
3716,회사원A,2023/07,4.0
3717,회사원A,2023/08,4.0
3718,효진조,2022/08,4.0
3719,효진조,2022/09,4.0
3720,효진조,2022/10,4.0
3721,효진조,2022/11,3.0
3722,효진조,2022/12,3.0
3723,효진조,2023/01,4.0
3724,효진조,2023/02,4.0
3725,효진조,2023/03,4.0
3726,효진조,2023/04,4.0
3727,효진조,2023/05,4.0
3728,효진조,2023/06,4.0
3729,효진조,2023/07,4.0
3730,효진조,2023/08,4.0
3731,후니세탁소HUNILAUNDRY,2022/08,89.0
3732,후니세탁소HUNILAUNDRY,2022/09,89.0
3733,후니세탁소HUNILAUNDRY,2022/10,96.0
3734,후니세탁소HUNILAUNDRY,2022/11,96.0
3735,후니세탁소HUNILAUNDRY,2022/12,52.0
3736,후니세탁소HUNILAUNDRY,2023/01,76.0
3737,후니세탁소HUNILAUNDRY,2023/02,76.0
3738,후니세탁소HUNILAUNDRY,2023/03,76.0
3739,후니세탁소HUNILAUNDRY,2023/04,76.0
3740,후니세탁소HUNILAUNDRY,2023/05,76.0
3741,후니세탁소HUNILAUNDRY,2023/06,66.0
3742,후니세탁소HUNILAUNDRY,2023/07,61.0
3743,후니세탁소HUNILAUNDRY,2023/08,46.0
3744,후메이크업whozmakeup,2022/08,10.0
3745,후메이크업whozmakeup,2022/09,9.0
3746,후메이크업whozmakeup,2022/10,9.0
3747,후메이크업whozmakeup,2022/11,9.0
3748,후메이크업whozmakeup,2022/12,9.0
3749,후메이크업whozmakeup,2023/01,10.0
3750,후메이크업whozmakeup,2023/02,10.0
3751,후메이크업whozmakeup,2023/03,10.0
3752,후메이크업whozmakeup,2023/04,10.0
3753,후메이크업whozmakeup,2023/05,10.0
3754,후메이크업whozmakeup,2023/06,10.0
3755,후메이크업whozmakeup,2023/07,10.0
3756,후메이크업whozmakeup,2023/08,9.0
3757,희주,2022/08,10.0
3758,희주,2022/09,10.0
3759,희주,2022/10,10.0
3760,희주,2022/11,11.0
3761,희주,2022/12,11.0
3762,희주,2023/01,11.0
3763,희주,2023/02,10.0
3764,희주,2023/03,10.0
3765,희주,2023/04,10.0
3766,희주,2023/05,9.0
3767,희주,2023/06,9.0
3768,희주,2023/07,9.0
3769,희주,2023/08,9.0
